State,Company Name,Email
AK,Gundersen Painting,gunpaint@gunpaint.com
AK,JKM General Contractors LLC,jmartinez@jkmgcllc.com
AK,Anchorage Protective Coatings,r.graves@apcoatings.com
AL,"RD LOWES, INC.",RDLOWES@comcast.net
AL,Picasso Painting LLC,picassopaintingllc@gmail.com
AL,Pro 1 Painters LLC,rcp1994@gmail.com
AR,Wood Painting Co Inc,david.wood@woodpaintingco.com
AR,McCormick Painting Co,shawna@mpcpaint.com
AR,McCormick Industrial Abatement Services,
AZ,"MTS Painting and Property Services, Inc. ",randy@mtspainting.com
AZ,"",
AZ,"Skyline Builders & Restoration, Inc",fred@azsbr.com
AZ,"A-O Painting, Inc.",info@aopaintinginc.com
AZ,"Johnson Brothers Painting, Inc.",johnsonbrospainting@msn.com
AZ,Reed Painting Inc,reedpaintinginc@msn.com
AZ,Pete King Construction Company,jeff@pkcaz.com
AZ,Greco Ptg Inc,pauljr@grecoptg.com
AZ,Salazar Painting Inc,rosa@tucsonpaintr.com
AZ,Wiese Painting Contractors Inc,terry@wiesepainting.com
AZ,De Leon Painting Inc,
AZ,DCW Incorporated,karen@dcwincorporated.com
AZ,OPT CO,monty.c@optcoaz.com
AZ,Desert Hues Painting Contractors Inc,direct@deserthues.com
AZ,"Sombrero Painting, Inc.",SOMBREROPAINTING@QWEST.NET
AZ,"NKW, Inc.",lonnie@nkwinc.com
AZ,Desert View Painting Inc,chris@desertviewpaintinginc.com
AZ,"Michael L. Riddle Painting, Inc.",mikeriddle@riddlepainting.com
AZ,"T & C Painting, Inc.",tncpainting@aol.com
AZ,Starr Painting,
AZ,Reeves Paperhanging,dale@reevespaperhanging.com
AZ,"Crout & Heller Painting Services, Inc.",tim@croutandheller.com
AZ,"A Real Deal Painting, Inc.",scott@arealdealpainting.com
AZ,Nally Construction Company,James@nccaz.com
AZ,C.L.C. Enterprises Inc.,office@clcpaint.com
AZ,"Dixon Painting, Inc",lindadixon@cox.net
AZ,"Papago Painting Ent., LLC",info@papagopainting.com
AZ,Penington Painting Company,jerryp@peningtonpainting.com
AZ,All About Painting,tim@allaboutpaintingco.com
AZ,Synergy Painting Inc,synergymd@hotmail.com
AZ,RLF Painting LLC,bob@rlfpainting.com
AZ,Brassberrys Painting,brassberrys@cox.net
AZ,Luxor Painting Inc,luxorpaintinginc@gmail.com
AZ,"Leach Painting, Inc",mike@leachpainting.com
AZ,Giant Painting & Construction Inc,buzzmoo@cox.net
AZ,Dougherty Painting Company,dpaintco@acninc.net
AZ,Gold Standard Finishes LLC,michael@goldstandardfinishes.com
AZ,West Coast Painting and Construction,jose@westcoastpaintingandconstruction.com
AZ,Adix Painting Inc.,sdadix@gmail.com
AZ,"Turnover Painters, LLC",schedule@turnoverpainters.com
AZ,Adams Wallcovering,adamswallcovering@cox.net
AZ,Sunshine Painting & Wallcovering Inc,sunshinepainting@msn.com
AZ,Amax Painting,ljaymorton@gmail.com
AZ,Euro Fine Finishes LLC,Eurofinefinishesllc@yahoo.com
AZ,Roger Cotter Professional Painting,rcpropaint@npgcable.com
AZ,Phoenix House Painting.com LLC,john@phoenixhousepainting.com
AZ,Bonilla & Sons Painting Company,grbonilla@cox.net
AZ,Arizona Painting Company LLC,joe@tpcaz.com
AZ,Champion Decor & Coatings LLC,championdc@cox.net
AZ,Phoenix Painting & Drywall,matt@ppdaz.com
AZ,RW Painting,rw.painting@yahoo.com
CA,DEWMAK Decorative Finishes ,donwhite@dewmak.com
CA,Wilson & Hampton Painting Contractors ,dough@wilsonhampton.com
CA,"Steve's Painting & Renovating, Inc. ",welovetopaint@att.net
CA,AA-1 Services ,rexsr@aa1services.com
CA,Finishes Unlimited ,eddy@finishesunlimited.net
CA,"IM Painting, Inc. ",bob@impainting.com
CA,Peek Brothers Painting ,peekbros@sbcglobal.net
CA,"Walls Painting, Inc. ",walls@wallspainting.com
CA,Ross Painting ,dan@rosspainting.com
CA,"",
CA,A. Allbright Painting,josh@aallbright.com
CA,"Bob Kunst Painting, Inc.",office@bobkunstpainting.com
CA,Wynne Painting & Sandblasting,gregwps@aol.com
CA,"Southern Painting, Inc.",spi777@sbcglobal.net
CA,Nelson's Painting,nelsonspainting@comcast.net
CA,Angelus Waterproofing & Restoration,
CA,R Hutchison Inc,rhutchison@verizon.net
CA,Techno Coatings Inc,mrb@technocoatings.com
CA,"Sierra Rainbow, Inc.",tahoehanson@sbcglobal.net
CA,Buffi Painting,buffipainting@comcast.net
CA,Sanders & Wohrman Corporation,jwohrman@swpainting.com
CA,Fauci & Sons Inc,
CA,Morrow Painting Inc,brucemorrow@earthlink.net
CA,The Blakely Co Inc,theblakelyco@yahoo.com
CA,John H Bryant Jr Contractors,john@bryant.com
CA,"K. C. Barker, Inc.",
CA,Johnson & Turner Painting Co.,dale@jtpaint.com
CA,Murphy Industrial Coatings Inc,steve@murphy.ac
CA,Western Ptg & Wallcovering Inc,westernpainting@aol.com
CA,Endurance Painting,endurancepainting@sbcglobal.net
CA,"Anzalone & Associates, Inc.",
CA,Jim Bohn Co.,
CA,Bithell Inc,admin@vitrocem.com
CA,Lawrence B Bonas Co,gbonas@bonasco.com
CA,Nagelmann Painting & Decorating,snagmann@gmail.com
CA,Tom Terranova Painting and Decorative Wall Finishes,dianeterranova@yahoo.com
CA,William B. Saleh Co.,terry@salehcompany-bks.com
CA,Quinn Painting,
CA,"Pyramid Painting, Inc.",cruybalid@pyramidpainting.com
CA,Giampolini & Co,jhouston@giampolini.com
CA,United Pro Painting,unitedpropainting@msn.com
CA,City Painting Co,
CA,Redwood Painting Co,mail@redwoodptg.com
CA,Allied Painters Inc,alliedpainters@sbcglobal.net
CA,George E Masker Inc,alan@maskerpainting.com
CA,A & B Painting West Inc,bertvaldez@sbcglobal.net
CA,Picone Painters Inc,piconepainters@att.net
CA,Quality Painting & Wallpaper,
CA,"Center Wallcovering & Ptg, Inc.",jack@centerpaint.com
CA,Premier Industrial Painting,JERRY@PREMIERPTG.COM
CA,Painting by George,
CA,San Francisco Local Color Ptg Co,SFLOCALCOLOR@COMCAST.NET
CA,Chism Brothers Painting,david@adavidcreation.com
CA,Bob Jones Painting Inc,bobjonespainting@comcast.net
CA,"Magic Brush, Inc.",magic@magicbrush.net
CA,Harris & Ruth Painting Contracting,terry@harris-ruthpainting.com
CA,Ronald E Peterson Painting,rep-p@comcast.net
CA,Baggenstos & Associates,bruce@baggenstospainting.com
CA,C & O Painting Inc,rick@candopainting.com
CA,Walgamuth Painting,info@walgamuthpainting.com
CA,"Monticelli Painting & Dec., Inc.",victor@monticellipainting.com
CA,GMPTG Enterprises Inc.,gmpainting@sbcglobal.net
CA,Ram-Mar Painting Inc,markr@ram-mar.com
CA,Ron Rodgers Painting Inc,
CA,D & D Painting Co,Don@greensideventures.com
CA,"Crystal Springs Painting, Inc.",vnorling@comcast.net
CA,Duggan & Associates Inc,
CA,Dale G. Earnshaw Painting,earnshawpainting@att.net
CA,Blumert Painting,sblumert@sbcglobal.net
CA,"Spurgeon Painting, Incorporated",bob@spurgeonpainting.com
CA,"American Coatings, a D.F.K. Construction Corp.",americancoatings@DFKINC.com
CA,"D Zelinsky & Sons, Inc.",rick@dzelinskyandsons.com
CA,"Brad L Stoner Painting, Inc.",brad@bradstonerpainting.com
CA,J & D Painting,hjagoda@yahoo.com
CA,"KNK Painting & Coating, Inc.",cprice@knkpc.com
CA,Arena Painting Contractors Inc,
CA,Shapiro-Ben Basat,
CA,Douglas Ingham Painting,
CA,Mazzeo Painting Company,MazzeoPainting@cs.com
CA,Apex Imaging & Painting Co,HHargrave@ApexImagingServices.com
CA,Mike Flynn Painting Old & New,
CA,"Advanced Painting Contractors, Inc.",rickmirabito@hotmail.com
CA,"Surfaces Painting & Decorating, Inc.",jad@redshift.com
CA,"Sam Rammaha Painting Company, Inc.",srpc@sbcglobal.net
CA,Christopher W. Campbell Wllcvng,
CA,"Jerry Thompson & Sons, Inc.",steve@jtspainting.com
CA,"Doherty Restoration, Inc.",
CA,"Pacific Titan, Inc.",Jack@ptitan.com
CA,"Meyer Coatings, Inc.",smeyer@meyercoatings.com
CA,Dave's Painting Service,davespainting2000@yahoo.com
CA,"Bloom Painting, Inc.",bloompainting@yahoo.com
CA,"Browder Painting Company, Inc.",info@browderpainting.com
CA,"Vertex Coatings, Inc.",russ@vertexcoatings.com
CA,Kunst Bros. Painting Contractor Inc,kunstbros@aol.com
CA,Sweaney Inc.,sweaneypaintingdrywall@yahoo.com
CA,"B. M. Lynn Painting, Inc.",bmlynninc@earthlink.net
CA,Canterbury Contractors Inc.,paintingspecialist@canterburyci.com
CA,"McCarthy Painting, Inc.",info@mccarthypainting.com
CA,T & M Painting. Inc.,info@tm-painting-construction.com
CA,"Cam Painting, Inc.",campainting@sbcglobal.net
CA,"Parada Painting, Inc.",paradaj@cox.net
CA,Barnes Painting,patrick@barnespainting.com
CA,"Progressive Painting, Inc.",tom@progressive-paint.com
CA,"FTR International, Inc.",
CA,Antonio Sandoval Painting,sandovalpaintinginc@yahoo.com
CA,The Painting Pros,cleve@paintingpros.com
CA,Carl's Painting,carlspainting@verizon.net
CA,J & R Painting,mruggi@prodigy.net
CA,"Innovative Ptg & Waterproofing, Inc.",
CA,"Brooks Painting, Inc.",jeremy@brookspainting.com
CA,"CDH Painting, Inc.",duane@cdhpainting.com
CA,Lancaster Painting,ap@lancasterpainting.com
CA,"Premier Commercial Painting, Inc.",Mark@premierpainting.org
CA,Shadowood Painting Co.,shadowoodpainting@gmail.com
CA,Alamo Painting,alamopainting@sbcglobal.net
CA,"Nor Cal Painting & Waterproofing, Inc.",
CA,Birdwell Bros. Painting & Refinishing,bbkwell@aol.com
CA,"GDL Best Contractors, Inc.",gdlconst@msn.com
CA,Bayshore Painters Inc.,baypainting@sbcglobal.net
CA,Kelso's Painting Inc. Kevin Kelso,kkelso@comcast.net
CA,"California Pro Painting, Inc.",Jon@calpropaint.com
CA,"Pacific Northwest Painters, Inc.",contact@pnppainters.net
CA,"Architectural Coatings, Inc.",
CA,Abel's Construction,
CA,"Limasol Construction, Inc.",
CA,Summit Painting & Wallcovering,summitpainting@sbcglobal.net
CA,J.L Cobb Painting,
CA,Imperial Industrial Coatings,imperialcoatings@sbcglobal.net
CA,James Costello Painting,costellopainting@sbcglobal.net
CA,"Easton Painting, Inc.",don@eastonpainting.com
CA,Painting The Town Management,dmeyer@meyercoatings.com
CA,Turman Commercial Painters,estimating@turmaninc.com
CA,"Ferris Painting, Inc.",greg@ferrispainting.com
CA,Enterprise Painting/Decorating,
CA,Olympos Painting Inc,olympospaintinc@gmail.com
CA,Omega Painting Co.,
CA,"Vanguard Painting, Inc.",troer727@aol.com
CA,Gugel/Today Ptg. & Dec. Inc.,john@gugeltoday.com
CA,GPS Painting & Wallcovering,atatum@gpspainting.com
CA,Angeles Contractor,
CA,Astro Painting Company Inc,
CA,Edessa Construction Inc,
CA,Georgiou CT Painting Company,
CA,Ibarra Coatings Inc,
CA,KM Industrial Inc,steveedgar@k2industrial.com
CA,"Napco Painting Contractors, Inc.",ccronin@napcopaintinginc.com
CA,"Mickey Wall Painting, Inc.",kathyw@mickeywallpainting.com
CA,Jimenez Custom Painting Inc,jcpinc@aol.com
CA,Accurate Colors Inc,jeffperry@accuratecolorsinc.com
CA,"KBI Painting, Inc.",jim@kbipaint.com
CA,"Streamline Painting & Decorating, Inc.",SLPainting@aol.com
CA,"Pacific Waterproofing and Restoration, Inc.",tony@pacificwaterproofing.com
CA,"J. Colon Coatings, Inc.",julia.jccoatings@gmail.com
CA,Pro Staff Painting,
CA,"Doukas Painting, Inc.",jamesdoukas@verizon.net
CA,CALI Painting,
CA,B/C Star Painting,
CA,Dan Smith & Co.,daniel_smith2222@att.net
CA,Vandemark Enterprises,vandemarkent@comcast.net
CA,"R.M. Hasson, Inc.",
CA,"LEO's A-C, Inc.",
CA,A.R. Merante Corp.,
CA,Natural Building Maintenance Corp.,roger_nbmcorp@sbcglobal.net
CA,Tony's Painting,
CA,Silverado Wallcovering,silveradowallcovering@comcast.net
CA,J. Darden,jenni@jdardenpainting.com
CA,"Elite Painting & Wallcovering, Inc.",dave@eliteptg.com
CA,"Kelly Brothers Painting, Inc",info@kellybrotherspainting.com
CA,Brett Bender Wallcovering,bebwallcovering@aol.com
CA,"C&M Painters, Inc.",
CA,"Tech-Wall of Ventura, Inc.",
CA,"CalPro Painting, Inc.",tim@calpropainting.com
CA,Sharper Image P&D,sharperimagepnd@aol.com
CA,"Partnership Painting, Inc.",info@partnershippainting.com
CA,"Preferred Commercial Painting, Inc.",jeffprefer@verizon.net
CA,"Carroll Painting, Inc.",ajc100@earthlink.net
CA,"R.B. Stewart, Inc.",robert.stewart@rbstewart.net
CA,Platypus Painting,colin@platypuspainting.com
CA,National Coating & Lining Company,nationalcoatingtom@yahoo.com
CA,A.J. Fistes Corp.,ajfistes@yahoo.com
CA,"Heather & French Painting, Inc.",alison@heatherandfrench.com
CA,"Advanced Industrial Services, Inc.",
CA,MG Mako Inc.,lisagusman@mgmako.com
CA,V. Rubio's Painting,vrubiospainting@aol.com
CA,Mariscal Painting Inc.,mariscal-painting@hotmail.com
CA,M.K. Adams Painting,michael@mkadams.com
CA,ISR Painting & Wallcovering,er_isr@yahoo.com
CA,Bridge Painting,bridgepainting@earthlink.net
CA,D.C. Vient Inc.,
CA,BASCO Drywall & Painting,carlos@basco.biz
CA,"Wm. B. Saleh Painting, Inc.",fikes@aol.com
CA,D&B Painting,dbpaint@sbcglobal.net
CA,M Kain Painting Inc,mkainpaintinginc@yahoo.com
CA,"ADL Painting & Wallcovering, Inc.",info@adlpainting.com
CA,Prime Coatings Restoration,robbobrow@gmail.com
CA,Pickett Painting,leepickett@verizon.net
CA,Americal Contractors,americal45@verizon.net
CA,Steve Holloway Painting,stevehollowaypainting@yahoo.com
CA,Nathan Willems Painting,nateforpaint@aol.com
CA,Best Contracting Svcs.,
CA,Triumph Painting,triumphpaint@sbcglobal.net
CA,RBE,dave@rbepainting.com
CA,Cool Painting,pcool415@yahoo.com
CA,P.A.R. Painting Co.,Audra@Parpainting.com
CA,"A.M. Cabinets, Inc. dba Fastrack Coatings",robz@fastrackcoatings.com
CA,Arana Residential & Commercial Painting,info@arcpainting.com
CA,So Cal Wall Inc,lance@socalwall.com
CA,Preferred Painters,jim@preferredpaintersla.com
CA,L & E Painting,leperez@msn.com
CA,California Coatings,CalCoat@aol.com
CA,R. C. Painting,rcpaint@comcast.net
CA,"B. Taylor Painting, Inc.",brian@btaylorpainting.com
CA,"Ryan's Painting, Inc.",rypaint@yahoo.com
CA,Douglas Dean Painting & Decorating,ddean74684@aol.com
CA,Randall/McAnany Company,spolitz@rmcompany.com
CA,Jim Schneider,jimsegu@gmail.com
CA,"Palladino Painting, Inc.",info@palladinopainting.com
CA,Lawson Family Painting,jon@lawsonfamilypainting.com
CA,Painting by Dustin O'Brien,obrienpainting@gmail.com
CA,Wilson Painting & Finishing,cdcandlish@yahoo.com
CA,"Terry Hunt Painting & Decorating, Inc.",terry@thpd.com
CA,Law's Custom Painting Inc.,jlaw@lawspainting.com
CA,"Hamanaka Painting Co., Inc.",mutaba@northcoast.com
CA,Kent Painting & Finishing Inc,kentpaintingco@hotmail.com
CA,Calistro's Painting,ericcalistro@gmail.com
CA,ALC Construction,acouch@alc-construction.com
CA,Irish Painting,irish_painters@yahoo.com
CA,Klassen Painting,klassenpainting@sbcglobal.net
CA,Magnum Drywall Inc,reka@magnumdrywall.com
CA,David J. Herlache Painting,djherlachepaint@sbcglobal.net
CA,One Way Paint & Design,danny@onewaypaint.com
CA,"3C JR Painting, Inc.",chudson@freshcoatpainters.com
CA,"MBS Development, Inc. dba Certa Pro Painters of Palos Verdes Peninsula",msucro@certapro.com
CA,TLC Painting & Decorating,tlcpainters2@gmail.com
CA,Sky Painting,skypaintingca@gmail.com
CA,Western Pacific Painting,gilbert_nieto@yahoo.com
CA,J. R. Fuentes Painting,
CA,Andrade Custom Painting,andradecustompainting@yahoo.com
CA,Winning Colors,winningcolorspainting@gmail.com
CA,Creative Finishes Ltd,creativefinishes@ymail.com
CA,Purling Painting & Finishing Inc.,purl95@aol.com
CA,"California Commercial Painters, Inc.",don@ccpainters.com
CA,Boeck & Associates Painting Company,boeckpaint@aol.com
CA,AJ PaintMasters Plus.com,leslie@ajpaintmasters.com
CA,Pasorobles Tank Inc.,rgordon@a-c-e-inc.com
CA,Dale Hector Painting,dale.hector@cox.net
CA,Decor Interior Design Inc,rjackson@designsbydecor.com
CA,M H Painting,mhpainting@ymail.com
CA,Raider Painting Company,shannon@raiderpainting.com
CA,Schuster's Roost Painting,Joe@SchustersRoost.com
CA,Faraci House Painting,afaraci1@yahoo.com
CA,Layland Painting,rlayland11@cox.net
CA,"California Color Works, Inc.",steve@californiacolorworks.com
CA,Nugent Painting Inc,jill@nugentpainting.com
CA,Red Hill Painting,pstorey@sonic.net
CA,Custom Wood Finishing,customwoodfinishing@gmail.com
CA,Becerra Paint Design,becerrapaintdesign@gmail.com
CA,Elizabeth St. Painters,bill@elizabethstpainters.com
CA,Art D. Nielsen Painting,deanna@nielsenpaintinginc.com
CA,Excel Painting and Restoration,bill@excelpainting.com
CA,Colorblast Painting,nathan@colorblastpainting.com
CA,Casablanca Painting Co.,casablanca_painting@yahoo.com
CA,Contrast Painting Inc.,jason@contrastpainting.net
CA,Bullock Painting & Restoring,willbullock@mac.com
CA,Clark's Painting Company,clarkmariotti@yahoo.com
CA,ENDURA Painting,Angel@ENDURAINC.com
CA,Escamilla & Sons Painting,llsergio.ivanll@gmail.com
CA,Advanced Painting Group,sglsam@sbcglobal.net
CA,"HOA Painting, Inc.",Rigo@HOAPainting-Services.com
CA,"Meridian Ecosystems, Inc.",jjmartinez@meridianecosystems.com
CA,1-800-PAINT-JOB of San Diego,david1800paintjob@gmail.com
CA,Stonebrook Painting,aaron@stonebrookpainting.com
CA,"Paso Robles Tank, Inc",cjohnson@pasoroblestank.com
CA,New Leaf Painting,c.andre@allied-1.com
CA,Maxson Painting,george@maxsonpainting.com
CA,Paintng The Town Management,
CA,"CL Industrial Coatings, Inc",
CA,Fine Lines Painting,tcombs707@gmail.com
CA,Painting & Decor,painting.decor@cox.net
CA,McLaughlin Painting,paul@mcpaint.net
CA,Hitech Painting,hitechpainting@cox.net
CA,Futuras Painting,Marvelousjj@gmail.com
CA,Faith Painting,faith_painting@yahoo.com
CA,"FRESHCO Painters, Inc.",Angel@FreshcoPainters.com
CA,Ellzey's Painting Inc,martha@ellzeyspainting.com
CA,"Schaubmayer Painting, Inc.",schaubmayerpainting@yahoo.com
CA,Duhoux Painting,duhouxpainting@yahoo.com
CA,"Shepherd Painting, Inc.",jon@shepherdpaintinginc.com
CA,Zamora Painting Co.,cjesse84@gmail.com
CA,Aesthete,susan@aesthetepainting.com
CA,Chris Avina Painting,chris.avina@yahoo.com
CO,"Karen's Company, Inc ",karenscompany@comcast.net
CO,"",
CO,Jacobsen Brothers Painting Inc,welovepaint@gmail.com
CO,Browne Bros Painting & Dec Inc,rhonda@brownebrothers.net
CO,S & W Painting & Decorating,swpainting@qwestoffice.net
CO,Hall Painting Inc,vickie@hallptg.com
CO,Prime Line Decorating Inc,Frank@woodiron.com
CO,Carara Painting & Wallcovering Inc,cararapainting@hotmail.com
CO,Paul G. Keller Painting,
CO,SunShine Painting Corporation,mike@sunshinepainting.net
CO,Leiser Ptg & Decorating Co Inc,jleiser@leiserpainting.com
CO,Dynamic Painting Co. Inc.,bradh@dynamicpaintingco.com
CO,"Shamrock Painting, Inc.",shamrk1@aol.com
CO,Top Quality Construction & Painting LLP,tqpainting@bresnan.net
CO,"Forbes Painting Co., Inc.",forbespainting@comcast.net
CO,"Ireland's Finest, Inc.",irelandsfinestinc@msn.com
CO,Quality Painting & Restoration,john@QPRpainting.com
CO,Craftsman Painters & Decorators,betty@thecraftsmaninc.com
CO,Stellar Painting & Remodeling,guy1115@msn.com
CO,"Imhoff Painting, Inc.",imhoffpainting@msn.com
CO,"A-1 Superior Painting & Wallcovering, LLC",a1superiorpainting@comcast.net
CO,"Two Men and A Brush, Inc.",twomenbrushcs@hotmail.com
CO,Aspenwood Painting,edfitz4@yahoo.com
CO,American Painting Specialists,apsgetz@yahoo.com
CO,"EM Fine Finishes, LLC",eric@paintingtelluride.com
CO,"Patriot Painting Professionals, Inc.",miguel@patriotpaintinginc.com
CO,Calco Painting,ross@calcopainting.com
CO,"Heritage Painting, Inc.",heritagepaintinginc@gmail.com
CO,Astro Painting & Drywall Inc.,info@astropaintinginc.com
CO,Octopus Painting LLC,denverican@msn.com
CO,Certa Pro Painters of Colorado Springs,mikelane@certapro.com
CO,"Teaberry, Ltd.",
CO,"Builders Choice Coating, Inc.",donnie@bccpainting.com
CO,Maurer Painting LLC,tami@maurerpainting.com
CO,The Cutting Edge Painting,johnpechacek@msn.com
CO,Olson Brothers Painting,olson@olsonetc.com
CO,"Baseline Painting, Inc.",david@baselineinc.net
CO,Stuart Painting,stubiz@sopris.net
CO,"Dowd Restoration, LLC",james@dowdrestoration.com
CO,"Vacant Interiors, Inc.",vacantinteriors@yahoo.com
CO,"Eastern Slope Painting, Inc.",easternslope1@msn.com
CO,Top Notch Logworks Inc.,dave@topnotch-logworks.com
CO,"Global Classic Painting, Inc.",globalclassicpainting@yahoo.com
CO,"Signature Paint Works, LLC",info@signaturepaintworks.com
CO,Eco Paint Company,ecopaintspecialists@gmail.com
CO,Paint Today,rvhagman@comcast.net
CO,Serenity Painting Company,mclarke@spco.me
CO,"Valiant Painting, LLC",bbarnes@valiantpainting.com
CO,"Rembrandt by Mike, Inc",rembrandtbymike@msn.com
CO,Monarch Stucco & Painting,ascott@monarchroofs.com
CO,Pristine Painting Etc. LLC,rangelypaintlady@gmail.com
CO,Paint Denver,rob@paintdenver.com
CO,"Commercial Coatings, Inc",charlie@commercialcoatingsinc.com
CT,"",
CT,"F M Testani, Inc",mark@fmtestani.com
CT,Porto Jr. Painting and Power Washing LLC,portojrpainting@gmail.com
CT,Bucket & Brush Painting LLC,deysenroth@sbcglobal.net
CT,"Painting & Decorating, Inc.",pking@pdipaint.com
CT,"Ferraro's Painting and Restoration, Inc.",luigisr317@yahoo.com
CT,"Fitzgerald Painting, Inc.",chuck@fitzgeraldpainting.com
CT,"Mystic River Paintworks, LLC",paintworks2003@yahoo.com
CT,Bob Zoni,
CT,Arlen's Painting Service,arln2k@sbcglobal.net
CT,"New Cambridge Ptg. Co., LLC",kurt.jones@newcambridgepainting.com
CT,"K. Morgan Associates, LLC",ddemaio@kmorganassociates.com
CT,"Rumberger & Company, Inc. dba Classic Painting",rumbergercompany@comcast.net
CT,MacKenzie Painting Co.,m.cumings@themackenziecos.com
CT,"Painting By Marge, Inc. aka Pep Associates LLC",marge@paintestimating.com
CT,"Cloudland Paintworks, Inc.",info@cloudlandpaintworks.com
CT,Renaissance - A Painting Company,renaissance5559@sbcglobal.net
CT,"MDF Painting & Power Washing, LLC",lisa@mdfpainting.com
CT,PK Painting & Restoration,p.k.painting@hotmail.com
CT,D.J.M. Paint & Wallpaper,
CT,Tobacco Valley Painting,daletvp@hotmail.com
CT,If Walls Could Talk,steve@ifwallscouldtalk.co
CT,Spercon,manager@spercon.com
CT,Future Painting LLC,futurepainting@gmail.com
CT,Wilton Painting & Restoration Inc.,rjderosa9342@sbcglobal.net
CT,ProTect Painters of Greater Westport,vince.adamo@protectpainters.com
CT,Franklin Painting LLC,frank@franklinpainting.com
CT,"Ray Diana Painting, LLC",raydianapainting@yahoo.com
CT,DiTRAIN 99 LLC Painting & Renovation,ditrain99@yahoo.com
CT,"Gagnon Painting & Decorating, LLC",info@gagnonpainting.com
CT,European American Decorative Painting LTD,Peter@EuroAmericanPainter.com
CT,All Prep Painting,allpreppainting@gmail.com
CT,E.N.T.  PAINTING COMPANY LLC,ent_painting@hotmail.com
CT,"MK Painting and Power Washing, LLC",matt.kaplanis@yahoo.com
CT,"Pennington Painting & Restoration, LLC",frank@penningtonpainting.com
CT,LG Painting,larrygianatti@gmail.com
CT,Cristiano and Son Painting LLC,crisandson@earthlink.net
CT,"Everett-Kayser, Inc.",everettbb@aol.com
CT,Bill Bender Wallcovering Contractor,bbender@charter.net
CT,Connecticut Green Painters LLC,omalley@irishoil.biz
CT,Painting by Page,paintingbypage@gmail.com
CT,"Fogg's Nutmeg Painting, LLC",johnsr@foggspaint.com
CT,Fine Painting,stuccolustro@gmail.com
CT,Quinn Painting LLC,lhqwellness@gmail.com
DC,"Precision Wall Tech., Inc.",cindy.athey@precisionwall.com
DC,Pleasant Painting LLC,cpleasant73@gmail.com
DC,"Rent Painters, Inc",info@rentpainters.com
DE,"Cassidy Painting,Inc.",mike@cassidypainting.com
DE,M. A. Rowe Custom Painting,mrowepaint@msn.com
DE,"John Bennett, Inc.",johnbennettinc@icloud.com
DE,J.G.M. & Associates Inc. Custom Painting,jgm@jgmcustompainting.com
DE,"Quality Painting Services, LTD",joesardo@qualitypaintingservicesltd.com
DE,"Snow's Painting Service, LLC",info@snowspainting.com
DE,Colorwise & More,info@colorwiseandmore.com
DE,Hometown Painter,hometownpainter1@gmail.com
FL,B T Builders Inc ,jasar1@aol.com
FL,Dunkman Paint and Wallcovering LLC ,edunkman@dunkmanpaint.com
FL,"",
FL,Russo Quality Painting,
FL,Ira Walden & Sons Inc,cquist@irawalden.com
FL,"Gemco Painting, Inc.",GEMCO98@aol.com
FL,Avco Painting & Waterprfng Co Inc,avco@bellsouth.net
FL,Southland Painting Corp,elk825@aol.com
FL,Pass Painting Co.,passpainting@bellsouth.net
FL,S David & Company Inc,sdavidco@bellsouth.net
FL,Gustafson Industries Inc,gcall@gustafsonindustries.com
FL,"Brooks Painting, Inc. Custom Painting & Finishes ",brookspainting@aol.com
FL,"Ken Sisco Painting, LLC",procoatpaint@juno.com
FL,Campbell Painting Inc,ted@campbellpainting.com
FL,Pro Painting Enterprises Inc,propaintingfl@aol.com
FL,J B Painting & Waterproofing,jbpaint303@aol.com
FL,"Spectrum Contracting, Inc.",johns@scifla.com
FL,"Proietto Painting, Inc.",proietto@proietto.com
FL,"Steeltech Electropainting, Inc.",steeltech@steeltech.com
FL,"B & G Painting, Inc.",srhodes@bgpainting.com
FL,"Grace Industries, Inc. Contractors Library",zada@contractorsinstitute.com
FL,Ed French Painting,efpi46@gmail.com
FL,"First Choice Painting of Gulf Coast Florida, LLC",bobbyboyd16@aol.com
FL,Michael Euler Inc. Painting,eulerinc@embarqmail.com
FL,"Bright Side Painting, Inc.",debbie@brightsidepainting.net
FL,Collins Custom Painting,collinscustom@cfl.rr.com
FL,Sykes Painting Services,sykespaintingservices@earthlink.net
FL,"Harry's Painting & Enterprises, Inc.",harry@harryspainting.com
FL,Performance Painting Contractors Inc.,jason@performance-painting.com
FL,P&R Renovations and Interiors Inc.,robert.l@pandrpros.com
FL,John Grey Painting,nate@JohnGreyPainting.com
FL,"S & S Painting and Waterproofing, LLC.",sal@sspaintingandwaterproofing.com
FL,"Ultra Finish, Inc.",ufpaint@gmail.com
FL,"Joe Pullaro, Inc.",jp@joepullaroinc.com
FL,"Cutting Edge Coatings, Inc.",rob@cec.gccoxmail.com
FL,Florida Painters Apprenticeship Program,jeff.mcginley@fltrainingservices.com
FL,Sunstate Coatings Inc.,SunstateCoatings@msn.com
FL,First Choice Professional Painting Inc.,miljce@bellsouth.net
FL,"Burnett Painting, LLC",steve@burnettpainting.com
FL,"C. Silveria Painting, Inc.",charlie@silveriapainting.com
FL,Jincy's Inc.,jincyswalls@aol.com
FL,CCI Painting,richard@pinellaspainters.com
FL,"Bowman Painting, LLC",scott@bowman-painting.com
FL,Five Star Painting,bboynton@fivestarpainting.com
FL,Kranenburg Painting Inc,kranenburg4@gmail.com
FL,"D T Painter, LLC",info@dtpainter.com
FL,A New Leaf Painting,tdrake@anewleafpainting.com
FL,"Telson, Inc.",EdwardTelson@yahoo.com
FL,"Dulakis Painting, Inc.",chris@dulakispainting.com
FL,Accent Painting of Central Florida,karen.accentpainting@gmail.com
FL,"Environmental Painting Alternatives, Inc",marvin@epaflorida.com
FL,Color Designers Company,color@colordesigners.com
FL,Kilzers Kreations,kilzerskreations@yahoo.com
FL,All Counties Painting ,h2opressure@bellsouth.net
FL,Massey Applications Inc,
FL,Prime Technical Coatings,pete@primetechcoatings.com
FL,O'Guin Decorative Arts,christopher@oguins.com
FL,"Precision Painting Group, Inc",george@ppgtampa.com
FL,ProTeam Painters LLC,Ksmith7047@aol.com
FL,Tom Orban Painting,tom@tomorbanpainting.com
FL,"RJB Ventures, Inc",rege.braun@att.net
FL,D&L Wall Design and Painting Corp ,wallpaperservices@gmail.com
FL,A-1 PAINT INC. OF PALM BEACH,info@a1paintinc.com
FL,Weston Coatings Group,kenny@westoncoatings.com
FL,Quality Assurance Painting Inc,timqualitypaint@gmail.com
FL,Sam's Painting,samspainting@att.net
FL,"Painters Plus of Pensacola, Inc",paintersplusfl@gmail.com
FL,Percopo Coatings Company LLC,nancy@pccusa.com
FL,Florida Painters,kim@floridapainters.com
FL,IQ Painters,nthornton@iqpainters.com
FL,EPI Essential Painting,andrew@epipainting.com
FL,Markspainting.com,markspaintingservice@gmail.com
FL,Latitudes Decorative Finishes,Latitudesfaux@yahoo.com
FL,T & J Proficient Painting LLC,tandjproficientpainting@hotmail.com
FL,Mancini Painting,jetskijay07@yahoo.com
FL,Kiley Painting LLC,KileyPainting@Gmail.com
FL,"Brian's Painting & Pressure Cleaning, Inc.",hildebrandtb@yahoo.com
GA,"KC Paint Company, Inc. ",kenneth@kcpaint.com
GA,"Graydaze Contracting, Inc. ",ggray@graydaze.com
GA,"",
GA,"DACA, LLC",kporter@dacapainting.com
GA,Dan J Sheehan Co Inc,mike@sheehancontracting.com
GA,"Specialty Finishes, Inc.",gwhite@specialtyfinishes.com
GA,"Ware Paint & Drywall, Inc.",tgriffin@warepaint.com
GA,"SCS Contracting, Inc.",steve@scspaint.com
GA,"Mark Sellman Painting, LLC",msp1@att.net
GA,"Century Painting, Inc.",centuryptg@aol.com
GA,"Harrison Contracting Co., Inc.",cmurphy@harrisoncontracting.com
GA,"Baker Paint & Contracting Co., Inc.",fchapman@bakerpaint.net
GA,"April Painting Company, Inc",john@aprilpainting.com
GA,Bear Mountain Custom Painting,bearmountain@bellsouth.net
GA,"Landmark Restorations, Ltd.",frank@landmarkrestorations.com
GA,Chris Murphy Paperhanger LTD.,chris@scenichanger.com
GA,Spectacular Painting and Decorating,info@spectacularpainting.com
GA,"Flawless Painting Enterprises, Inc.",scott@flawlesspainting.com
GA,"Arreguin's Paint Contractor, Inc.",jose@arreguinspainting.com
GA,Upturn Painting & Renovation,upr.atlanta@gmail.com
GA,The Painting Penguin LLC,s.popov@thepaintingpenguin.com
GA,All Seasons Painting LLC,allseasonspaintingllc@comcast.net
GA,Concord South Pnt,pntbuct@yahoo.com
GA,AW Paint & Decorating,awpaintdecorating@att.net
GA,Chatsworth Painting & Decorating,sdrinkell@bellsouth.net
GA,South Georgia Drywall,
GA,Protect Painters of Alpha Retta,david.potts@protectpainters.com
GA,Steve's Painting,stevegrillo1@comcast.net
HI,Akira Yamamoto Painting Inc,DougYamamoto@Hawaii.rr.com
HI,Endo Painting Service Inc,epsmaui.penny@hawaiiantel.net
HI,"Society Contracting, LLC",spencersr@hawaii.rr.com
HI,Aloha Painting Co Inc,alohapci@hawaii.rr.com
HI,Honolulu Painting Co Ltd,ron.yanagi@HonPaint.com
HI,"Jade Painting, Inc.",john@jadepainting.com
HI,W E Painting Inc,
HI,Zelinsky Company,lbloom@zelinskyco.com
HI,"Hirota Painting Company, Inc.",paintingi001@hawaii.rr.com
HI,M. Shiroma Contracting Company,glenn.shiroma@mshiroma.com
HI,Metropolitan Ptg & Environmental Systems Inc.,metpaint@msn.com
HI,Kawika's Painting,david@kawikaspainting.com
HI,J D Painting & Decorating Inc,
HI,Pacific Preferred Contractors Corp.,pacificpreferred@hawaii.rr.com
HI,"Qualified Painting Service, Inc.",qpserviceinc@aol.com
HI,Afong Painting Service,jafong3@hawii.rr.com
HI,Ford Painting Professionals,fordpaintingpros@hawaiiantel.net
HI,"Triple D Painting Co., Inc",tripledpainting@aol.com
HI,Consolidated Painting LLC,consolidatedpainting.llc@hawaiiantel.net
HI,matador Painting Inc.,matadorpainting@yahoo.com
HI,"Primo Custom Painting, LLC",primohawaii@msn.com
HI,Broke Slipper Paint ,Brokeslipper@me.com
HI,Advantage Painting Inc.,advantagepainting@hawaii.rr.com
HI,Elite Painting & Contractors,lesmarsr@gmail.com
IA,Tri-State Painting & Sandblasting Corp.,tristateptg@hotmail.com
IA,Pospisil Painting Inc,contactus@pospisilpainting.com
IA,Model Painting Co,jbennett42@aol.com
IA,Reich Painting & Decorating Co Inc,jreich@reichpainting.com
IA,Klinger Paint Company,jodeen@klingerpaint.com
IA,L & P Painting,LPPaintingCo@aol.com
IA,DA Bunch Co.,dabunch@qwestoffice.net
IA,"Allied Professional Services, Inc.",eric50312@yahoo.com
IA,Integrity Painting & Finishing,Integrity.Paint@hotmail.com
IA,Paint Me Gourmet,Dianna@paintmegourmet.com
IA,JC Toland Painting,Jctoland@jctoland.com
IA,Pro-Edge Painting,toddstuder@gmail.com
IA,Genesis Painting Company LLC,susan@paintingbygenesis.com
ID,"All Wall Contracting, Inc.",glissonroy@msn.com
ID,"Color Quest, Inc.",dan.colorquest@hotmail.com
ID,"Adam Roe Painting, Inc.",Adam@adamroepaint.com
IL,"Pete the Painter, Inc. ",pete.wirtz@petethepainter.com
IL,"Painting In Partnership, Inc. ",mario@paintpartner.com
IL,Swanson Painting ,bswanson55@gmail.com
IL,Professional Painters ,tony@professional-painters.com
IL,Bob Jung Painting & Decorating Inc. ,bob@bobjungpainting.com
IL,Hester Painting & Decorating ,info@hesterdecorating.com
IL,"Mastercraft Decorating, Inc. ",peter@mastercraftdecorating.com
IL,Manion Decorating ,paint@bobmanion.com
IL,"",
IL,Bill Schneeberger Painting & Decorating LLC,snowmtn@sbcglobal.net
IL,Precision Painting & Decorating Corp.,office@ppdpainting.com
IL,"Ascher Brothers Co., Inc.",rickascher@ascherbrothers.com
IL,Beatty Decorating Company,miles@beattydec.com
IL,Triangle Decorating Company,shall@triangledec.com
IL,The Levy Company,ckakos@levycoinc.com
IL,"Am-Coat Painting, Inc.",ttyrakowski@am-coatpainting.com
IL,"Atlantic Painting Company, Inc.",
IL,G H Schanbacher & Son,schan124@aol.com
IL,"Rich's Painting & Decorating, Inc.",richard.burger@comcast.net
IL,Ostrom Painting & Sandblasting Inc,rwalker@ostrompainting.com
IL,"Max Autenrieb Church Interior Decorating, Inc.",kautenrieb@sbcglobal.net
IL,"Jalapeno Paint Werx, Inc.",bruce@jalapenopaintwerx.com
IL,Fred Broberg Corporation,fredbroberg@hotmail.com
IL,"Albers Painting Company, Inc.",duanealbers@yahoo.com
IL,Schmidt & Company Painting,schmidt_co@att.net
IL,Moore Painting Company,moorepaint@brick.net
IL,"Crown Painting, Inc.",paint@crownpainting.net
IL,"Hake Enterprises, Inc.",
IL,"ISP Painting, Inc",smcginnis@isppainting.com
IL,Cardinal Decorating,info@cardinalpainting.com
IL,Rob Mehalic Streator Decorators,rjmehalic@gmail.com
IL,John Michaels Decorating,john@johnmichaelsdecorating.com
IL,Teschner and Sons Painting,mtesch@teschnerpainting.com
IL,"Foxbrush, Inc.",info@traditionaltouchpainting.com
IL,"H & H Decorating, Inc.",hhdecorating@sbcglobal.net
IL,"Superior Painting & Decorating, Inc.",superiorcorp@aol.com
IL,La Nee Decorating,lanee85@comcast.net
IL,Smith Painting & Decorating Inc,spsmith11@hotmail.com
IL,The ABL Group,miriam@theablgroup.com
IL,"Van Groningen Decorating, Inc. dba Jondec Painting",jondecpainting@comcast.net
IL,"CL Coatings, LLC/SEI Coatings",adelange@nacoatings.com
IL,"U.S. Exterior Maint. & Repair, L.L.C",keith@usexterior.com
IL,Perkins Painting,Mperkins84@aol.com
IL,Lankford Construction Company,mzamiar@lcco.com
IL,"Dynamic Colors, Inc.",ag@dynamiccolorsinc.com
IL,Wall-Pro Painting Services,rodney@wallpropainting.com
IL,Red Feather Painting Co.,redfeatherpainting@sbcglobal.net
IL,Lakosil Decorators Inc.,jim@lakosilpaint.com
IL,Bear Construction Decorating Division,vickyb@bearcc.com
IL,Hometown Painters Inc,daniel@hometownpainters.com
IL,"Marc Poulos Painting, Inc.",marc.poulos@sbcglobal.net
IL,Top Quality Finish Inc,topqualityfinish@gmail.com
IL,"DBK Painting, LLC",mike@dbkpainting.com
IL,Pat's Painting,patdaniher@yahoo.com
IL,Affordable Painting Services Inc.,alan@youraffordablepaintingpros.com
IL,Affordable Luxury Painting & Remodeling,renexpros@gmail.com
IL,Lake Forest & Lake Bluff Painting and Remodeling,lflbpainting@comcast.net
IL,"Midwest Decorating, Inc",roy@midwestdecorating.com
IL,"Continental Painting & Decorating, Inc.",hwilliams@continentalpainting.com
IL,All-Tech Decorating Co.,dsteadman@alltechdecorating.com
IL,"Opcon, Inc.",cgraham@opcon-inc.com
IL,McCahill Painting Company,info@mccahillpainting.com
IL,"Trend Painting & Decorating, Inc.",mike@trendpainting.com
IL,"Allied Painting Contractors, LLC",jpoole@alliedpaintingcontractors.com
IL,Colour Revue Painting & Sandblasting Inc.,colourrevue@yahoo.com
IL,Nucleus Design Innovations,nucleusgi@gmail.com
IL,Demos Painting & Decorating Inc,michaeldemos@msn.com
IL,Prestigious Painting & Decorating Inc.,marklevy@prestigious-painting.com
IL,Greenworks Painting Inc.,mike@greenworkspainting.com
IL,"Fortune Restoration, Inc.",fortunerestorationbob@gmail.com
IL,Paint Platoon USA,contact@paintplatoon.com
IL,First Class Decorating Inc.,contact@firstclassdecoratinginc.com
IL,Always Painting Group Inc.,rorythomsen@sbcglobal.net
IL,"Meltone Renovation Services, L.L.C.",kenny@meltone.com
IL,CertaPro Northshore,aardizzone@certapro.com
IL,Gerry's Decorating,gerrynav@yahoo.com
IL,Miroslaw Snarski Decorating Inc,snarski@gmail.com
IL,Salinas Drywall & Painting,salinas.s@comcast.net
IL,"Final Touch Decorating, Inc.",tom@finaltouchpaint.com
IL,Affordable Decorating Plus,Affordabledec@sbcglobal.net
IL,TAET Painting LLC,tbsorrells@aol.com
IL,"Ora, Inc",orapaintinginc@att.net
IL,Feels Just Like Home,sand78rpm@sbcglobal.net
IL,"George Young & Sons, Inc",tom@gyoungco.com
IL,Stencib,linda@stencib.com
IL,Painters Inc.,saulius@paintersinc.net
IL,National Decorating Services,leo@nationaldecoratingservice.com
IL,Professional Coating Services LLC (P.C.S.),info@pcs02.com
IL,"Georgia and Company, Inc. Painting",jay@georgiaandco.com
IL,"Elite Renovation Systems, Inc.",kelly@eliterenovationsystems.com
IL,Chicago Painters Inc,admin@chicago-painters.com
IL,Harmony Haus Painting,nichole@harmonyhaus.com
IL,"Midwest Property Services, Inc",matt@mpsinconline.com
IL,"Vision Painting & Decorating Services, Inc",vision.painting@aol.com
IL,Color Concepts,douggregory7@aol.com
IL,AM PM Pro Painters,ampmpropainters@gmail.com
IL,Bacaam Interiors Group,bacaaminteriors@gmail.com
IL,Rick's Decorating Services,analog414@comcast.net
IL,Paint Meisters Inc,joe.bux@sbcglobal.net
IN,GW King Custom Painting LLC ,gwkingco@frontier.com
IN,Midwest Decorating Co. Inc. ,theoffice@midwestdecorating.biz
IN,"",
IN,"Manta Industrial, Inc",tonybochniak@k2industrial.com
IN,"Lester Painting, Inc.",lesterinc@aol.com
IN,Odle Inc,pgale@odleinc.com
IN,Applied Coatings,acijeff@att.net
IN,Connor Fine Painting,bob@connorpainting.com
IN,S & M Painting & Drywall Co.,mmangold@smpaintdrywall.com
IN,"Reece Rebholz Company, Inc.",julie@rebholzinc.com
IN,Diversified Painting Co. Inc.,kblume@dpcpaint.com
IN,Worley's Wallcovering and Painting,jamie@worleyspainting.com
IN,Fritts Custom Finishing Company,frittscustomapril@hotmail.com
IN,"Matthews Painting Company, LLC",jason@matthewspainting.com
IN,Ron Adams Custom Painting,caveronrope@sbcglobal.net
IN,IndyPro Painting,derek@indypropainting.com
IN,Perkins Scale Corp dba Chambers Painting Co.,mike@chamberspainting.com
IN,J & K Property Maintenance LLC,jason@jandkpropertymaintenance.com
IN,"Loeffler Painting Co., Inc.",loefflerpainting4@gmail.com
IN,Wright Painting LLC,wright_painting_llc@yahoo.com
IN,Carey Painting,paul@careypainting.com
IN,"Professional Painting Solutions, Inc",cindy@pro-paint.net
KS,Capitol Painting Co,thogan@capitolpainting.net
KS,J F McGivern Inc,johnamcgivern@jfmcgivern.com
KS,"Shields Custom Home Painting, Inc.",gregg@shieldspainting.com
KS,Joyce Painting Company,joel@joyce-painting.com
KS,"Paint Pro, Inc.",brian@paintproinc.net
KS,Dans Paint Contractors,danspaintcontractors@yahoo.com
KS,PCI Advanced Protective Coatings,dennis.runyan@pcg.com
KS,CKT Painting Inc,cktpainting@gmail.com
KS,Warren Moore Painting,wmoorepainting@kc.rr.com
KS,AEC Consultants,mccall@sunflower.com
KY,H.F. Steilberg Co Inc,mikesteilberg@steilbergpainting.com
KY,Peak Industrial Coatings & Linings,peakcoatings@aol.com
KY,"Howell & Howell Contractors, Inc",md3@howellandhowellinc.com
KY,"B.L. Radden & Son, Inc.",RaddenPainting@aol.com
KY,Rizzo Brothers Inc,ej@rizzobrothers.com
KY,"Simpson & Company, Inc.",msimpson@simpsonpainting.net
KY,Baynum Painting Inc,
KY,"Cooper Painting, Inc.",cooperinc@aol.com
KY,"Flannery Painting, Inc.",gary@flannerypainting.com
KY,"J.I. Hass, Co., Inc.",pcoomes@jihass.com
KY,McKinney Painting,robert@mckinneypainting.com
KY,"M & M Decorating, LLC",decorating@vci.net
KY,"Phillip Patterson Painting, Inc.",officemanager@phillippattersonpainting.com
KY,Serious Business Painting,danhirby18@gmail.com
KY,Custom Works of KY LLC,bhcustomworksky@gmail.com
KY,BPI Painting Company,betty@bpipainting.net
KY,"Joseph Zoeller Painting and Contracting, Inc",brandy@zoellerpainting.com
KY,Ackerman Professional Coatings,dackerman@ackermancoatings.com
KY,J. L. Rader Company Inc.,chuckrader@insightbb.com
KY,LVX Painting,randall@LVXpainting.com
KY,Kentucky Paints,kentuckypaints@gmail.com
LA,1 of A Kind Painting Inc.,1ofakindpaintinginc@cox.net
LA,Prestigious Painting & Janitorial LLC,thad@prestigiouspainting.biz
LA,"JMA Painters, LLC",jason@jmapainters.com
LA,Q.H.P. LLC,todd@qhpla.com
LA,"Hico, Inc.",hicoinc@cox.net
LA,Colorsmith,collyn@colorsmith.us
LA,Design Finishes,carlosvel46@gmail.com
LA,Custom Drywall & Painting LLC,Anthony@customdrywallandpainting.com
LA,"Huneycutts Painting, Inc.",jhuneycutt@comcast.net
LA,"Fletchers Finishes, LLC",fletcherfinishes@aol.com
LA,McConnell Painting Corporation,rjmcconnell@comcast.net
LA,"Lanehart, Inc",blanehart@lanehart.net
MA,McManus Fine Home Painting LLC ,mike@michaelmcmanuspainting.com
MA,"",
MA,Hingham Painting & Decorating,markcasale@paintspecialists1.com
MA,Lundco Painting LLC.,jlund@lundcopainting.com
MA,Donald R Ross & Son Ptg. & Dec. Inc,darrenross03@comcast.net
MA,Paul J. Corey Painting & Decorating,PDCA160@comcast.net
MA,Kuhn Painting & Decorating Inc,henrykuhn@rcn.com
MA,Custom Painting Co,custompaintingjtf@yahoo.com
MA,Terpstra Painting Company,TomT80838@aol.com
MA,Prusik Painting Co.,frank@prusikpainting.com
MA,"David C. Parker, Inc.",parker-5@comcast.net
MA,"Wilder Painting Contractors, Inc.",ron@wilderpainting.com
MA,Northern Lights Painting Co,mtraub5021@gmail.com
MA,Ord Specialty Coatings LLC,john@ordspecialtycoatings.com
MA,Fradette Painting,jfradette@juno.com
MA,Dennis Murphy Painting,dennismurphypainting@comcast.net
MA,"Lavoie & Tavares Company, Inc.",bobtavares1966@gmail.com
MA,Masterwork Painting & Restoration,Rich@masterworkpainting.com
MA,"F.E. Kenney Co., Inc.",neil@FEKenney.com
MA,"Larkin Painting, Inc.",bill@larkinpainting.net
MA,MLD Interiors,mldinteriors@netscape.net
MA,Majestic Painting Inc.,joe72172@yahoo.com
MA,Peter C Lindberg,plindberg@capecod.net
MA,"Hamel Painters, Inc",info@hamelpainters.com
MA,BLC Painting LLC,info@blcpainting.com
MA,Franca Services,contact@francaservices.com
MA,Kurt Dwyer Painting,jmcsharry@kurtdwyerpainting.com
MA,"Cosmos Painting Co., Inc.",info@cosmospainting.com
MA,Black Bear Painting Co.,customerservice@blackbearpainting.com
MA,Ramsden Painting,ronramsden@aol.com
MA,"Presto Painting, Inc.",carolpresto@aol.com
MA,Jerry Enos Painting Inc.,jerry@jerryenospainting.com
MA,Stearns Painting Inc,Michael@stearnspainting.com
MA,S&C Painting Inc,bostonpaintinginc@gmail.com
MA,Frost Painting,danfrost@frostpaintinginc.com
MA,"Angel's Painting, Inc",angel@angelspainting.net
MA,Apex Painting Company,jcebsliwa@comcast.net
MA,Castle Complements Painting Co.,info@castlecomplements.com
MA,Burke and Crew Housepainting,fjburke2@gmail.com
MA,Masse Group,dan@massegroup.com
MA,Rocksolid Painting,georockow@yahoo.com
MA,"W.M. Painting, Inc.",wmpaintinginc@aol.com
MA,J C Russo Company,jcrusso2@gmail.com
MA,Anderson Painting,JAanderson75@aol.com
MA,Painting & Wallcovering by McDonnell Inc,x.man@comcast.net
MA,Smart Coats,info@smartcoats.com
MA,NRC Painting,neil@nrcpainting.com
MA,Commercial Decor LLC,commdecor@yahoo.com
MA,UGL Services,lamaral@na.ugllimited.com
MA,Proctor and Companies,dubinpaintng@yahoo.com
MA,W. H. Russell,norton@vineyard.net
MA,Passionate Painters,joelgilbert7@yahoo.com
MA,A.T.E. Painting LLC,atepainting@yahoo.com
MA,"Paint Pro, Inc.",jeremyheussi@comcast.net
MA,Three Tree Home Improvements Inside and Out,nickdawidjan@threetreenick.com
MA,"Ambassadors Professional Painters, Inc. ",desmond@ambassadorsprofessionalpainters.com
MA,Lee Design,marilyn.leedesign@gmail.com
MA,Motti Painting Solutions,danielmotti@mottisolutions.com
MA,J. R. Ross Corp,jrrosspainting@gmail.com
MA,"Donovan Painting Co, Inc",jason@donovanpainting.com
MA,Mike Moran Painting,mikemoran77@yahoo.com
MA,"Thiagos Painting, Inc.",contact@thiagospainting.com
MA,W T Kenney,wtkenney@verizon.net
MA,TLC Painting,tlcjohn@verizon.net
MA,Bethoney Painting,ernestbethoney@gmail.com
MA,Picture Perfect Painting,peterpappas27@hotmail.com
MA,Optimus Painting & Restoration,info@optimuspainting.com
MA,"Peluso Contracting Services, Inc.",tompeluso27@comcast.net
MD,"",
MD,Dunn & Company,j.d.dunn@verizon.net
MD,NLP Enterprises Inc,
MD,O T Neighoff & Sons Inc,ajh@otneihoff.com
MD,Juenemann Painting,jj@juenemannpainting.com
MD,"Tecta America East, LLC",dmacdonald@tectaamerica.com
MD,Galaxy Painting & Decorating,info@galaxypainting.com
MD,Weaver's Custom Painting,kay@weavercp.com
MD,O'Connor's Painting Service Inc,ocpaint@aol.com
MD,Stickley Painting & Decorating,stickleypainting@verizon.net
MD,The David Mahoney Painting Co.,mahoneypaint@comcast.net
MD,"Sheldon & Sons, Inc.",shldnsons@aol.com
MD,"Father & Sons, Unlimited, Inc.",woodhull@juno.com
MD,"Finishing Touch Painting, Inc.",finishingtouchpainting@comcast.net
MD,Power Decorating Company,pdci@comcast.net
MD,"Bay Country Painters, Inc.",mike@baycountrypainters.com
MD,The Dakes Company Inc.,cmdakes@thedakescompany.com
MD,WaterWorks Pressure Washing Inc.,info@waterworkspressurewash.com
MD,ISO Contracting Inc. T/A Inside Out Painting,paintiso@gmail.com
MD,"Premium Painting & Projects, Inc.",kris@premiumpaintingco.com
MD,"Blue Sky Painting & Carpentry, LLC",Tom@BlueSkyPaintingPros.com
MD,"Hann & Hann, Inc",ghann@hannandhann.com
MD,"Advantage Electrostatic Refinishers, Inc.",edfranks@advantageelectro.com
MD,De Leon Painting Services ,dave@deleonpainting.com
MD,Keith Brown Painting,keepmeinyourgrace@gmail.com
MD,Crown Inc. of Hagerstown,sbarkdoll@crownpainting.com
MD,"The Gilder's Studio, Inc",mkramer@gilders.com
MD,Unlimited Applicators LLC,1976dean@gmail.com
MD,Annapolis Painting Services,rbontempo@annapolispainting.com
MD,M & L Painting Co LLC,mlpaintingco@aol.com
MD,East Coast Inc.,east_coast@comcast.net
ME,Biddeford Painting,scott@biddefordpainting.com
ME,"Moore Painting, Inc.",dan@moorepaintinginc.com
ME,Painting By Northeast,paint_by_ne@yahoo.com
ME,Precious Spaces,preciousspaces@gmail.com
MI,"Stathakis, Inc. ",georges@stathakis.com
MI,"",
MI,"T. L . Hart, Inc.",painting@tlhart.com
MI,Richard Brothers Painting,staff@richardbrotherspainting.com
MI,"Zaske's Painting & Decorating, Inc.",zaskeptg@comcast.net
MI,Bancroft Custom Painting,bancroftpainting@gmail.com
MI,"Murrel Contractors, Inc.",murrels007@aol.com
MI,Seaway Painting & Decorating,
MI,Kooi Industrial Painting,jimkooipaint@earthlink.net
MI,DeMaat Brothers Painting,tim@demaatbros.com
MI,H L Bolkema Decorating Co,
MI,Eckhoff & De Vries Ptg & Wllcvg Inc,scottm@eckhoffdevries.com
MI,"Tam's Painting & Decorating, L.L.C.",ewtam@frontier.com
MI,Speese Painting Co.,dave@speesepainting.com
MI,"Dimension Four Painting, Inc.",mike@dimensionfourpainting.com
MI,"National Coatings, Inc.",bjewell@nationalcoatings.biz
MI,"Midwest Pro Painting, Inc.",jlivanos@mpp-inc.com
MI,Grandson Painting Inc.,mark@GrandSonPainting.com
MI,"Van Der Kolk Painting, Inc.",info@vanderkolkpainting.com
MI,Skyline Painting Inc.,skyline@skypaintinc.com
MI,Terrestrial Painting & Restoration,robb@terrestrialpainting.com
MI,"Painting Services of West Michigan, Inc.",tbandstra@chartermi.net
MI,Karm's Painting Service,ca@karmspainting.com
MI,Lang's Painting Inc.,doug@langspainting.com
MI,"Tribble Painting Company, Inc.",sacredgrnd@aol.com
MI,Gibson's Home Improvement,
MI,Kirchhoff Decorating,roseannk2@me.com
MI,Dan Brady Painting Services LLC,dan@danbradypainting.com
MI,Millers Painting LLC,millerspainting@charter.net
MI,"Detroit Spectrum Painters, Inc.",paola@detroitspectrum.com
MI,ATP Painting LLC,jerome@atppainting.com
MI,Scott Ramsay Paint Contractor LLC,hubram@hotmail.com
MI,Performance Painting,performancepaintingmi@yahoo.com
MI,"D & D Decorating, Inc.",jasonbailey1@charter.net
MI,J. D. Quality Painting Co.,john@jdqualitypainting.com
MI,Joe's Painting & Maintenance,jlpeterson62@hotmail.com
MI,TDF Contractors LLC,tfrench@tdfcontractors.com
MI,Mora Painting LLC,r.mora.painting@gmail.com
MI,Accurate Painting Company,lenore@accuratepainting.biz
MI,G. J. Prey Industrial Painting Company,gjprey@gmail.com
MI,Roberts Painting Inc.,billrobertspainting@gmail.com
MI,Shorian Painting Inc.,
MI,"Veltman Painting, LLC",dean@veltmanpainting.com
MI,Performance Painting & Staining Inc.,greg_herron@sbcglobal.net
MI,Mussio Painting,kmussio2002@comcast.net
MI,"A. S. R. Painting, LLC",asrpainting1@gmail.com
MI,TRB Painting,trbpainting@gmail.com
MI,Bella Paint & Design,joe@bellapaintdesign.com
MI,Slater Painting Inc,Matt@slaterpaint.com
MN,"Steinbrecher Painting, Inc.",lee@steinbrecherpainting.com
MN,Decorators Service Co,decservco@aol.com
MN,"Protouch Painting, Inc.",jim@protouchpainting.com
MN,Abhe and Svoboda Inc,
MN,Lake Area Painting & Dec Inc,
MN,"Daniel K Schaitberger Painting, Inc.",
MN,Dan Ley's Painting,leys_painting@msn.com
MN,Ballantine Painting Inc,mattballantine@gmail.com
MN,Tenet Painting,terry@tenetpainting.com
MN,Nickelson Painting Inc.,bob@nickelsonpainting.com
MN,Fresh Coat Eden Prairie,jfancher@freshcoatpainters.com
MN,"Careful Painting, Inc.",mlange308@me.com
MN,Full Spectrum Finishing Inc,fullspectrumfinishing@clearwire.net
MN,Bussmann Painting Inc,bussmannpainting@yahoo.com
MN,PMR LLP,paul.modeen@gmail.com
MN,"Superior Interiors, Inc",jon@sipainting.com
MN,Protect Minneapolis SW,ed.crandall@protectpainters.com
MN,Virnig Painting Company,pjvirnig@clearwire.net
MO,"CitiStar, Inc. ",citistarpainting@gmail.com
MO,Kevin Turner Painting ,kevturner@earthlink.net
MO,"SNL Painting, Inc ",nick@snlpainting.com
MO,"",
MO,Sundermeyer Ltd,danhanson@sundermeyerltd.com
MO,Edward Simon Painting Company,rffsimonpainting@sbcglobal.net
MO,"Morie & Willems Painting & Decorating, Inc.",moriewillems@sbcglobal.net
MO,Jos. Ward Painting Co.,josephw@joswardpaintingco.com
MO,Switzer & Associates Paint Co,switzer126@aol.com
MO,Goens Brothers Painting Co.,ron@goens.com
MO,AT Switzer Co Inc,tswitzer@atswitzer.com
MO,Jackson Painting Co,lutzmo5@aol.com
MO,MVG Painting Inc.,mvgpainting@sbcglobal.net
MO,Major Painting,MAJORPTG@AOL.COM
MO,Childress Painting & Associates Inc,scott@childresspainting.com
MO,"Koch Brothers Decorating, Inc.",bstack@kochbrosdecorating.com
MO,"Loyd Slinkard Painting Company, Inc.",barb@lspainting.net
MO,PaintSmiths of St Louis Inc,jeff@psslinc.com
MO,Drake Painting Company,drakepaintingco@sbcglobal.net
MO,TN Enterprises dba Rainbow Painting Company,mail@rainbowpaintingcompany.com
MO,"B & G Painting Company, Inc.",
MO,"Runge Painting Co., Inc.",rungepainting@yahoo.com
MO,MVP Painting,sharon@mvppainting.net
MO,"All American Painting, LLC",rphillips@allamericanptg.com
MO,Thomas Industrial Coatings,dthomas@thomasindcoatings.com
MO,VSP Construction,vprinster@vspconstruction.com
MO,West Park Painting Inc.,westparkpainting@swbell.net
MO,Fitzgibbons Painting LLC,fitzgibbonspaint@att.net
MO,Hartrum Bros. Painting LLC,cody@hb-painting.com
MO,Leach Painting Company,markborgmann@jleachpainting.com
MO,Kennedy Painting LLC,info@stlouishousepainting.com
MO,MAJIC Painting & Wallcovering,Mark@417paint.com
MO,Crestwood Painting LLC,info@crestwoodpainting.com
MO,John Bubenik Color Craftsmen LLC,montalkers@sbcglobal.net
MO,Dettmann-Claus Painting,Tom@dettmannclaus.com
MO,ABE Painting,abepainting@gmail.com
MO,"Iffrig Brothers Painting, Inc.",nathaniffrig@yahoo.com
MO,"River City Drywall & Painting, Inc",jimc@rivercitydrywall-painting.com
MO,Nuvision Management Services LLC,jmsclabon@yahoo.com
MO,"Pilkinton Painting Company, Inc.",danielpilkinton@rocketmail.com
MO,Abshers Professional Painting Inc,absherspaint@aol.com
MO,Huddy Painting,chris.huddypainting@yahoo.com
MO,"Genesis Environmental Solutions, Inc.",jdoarn@genesisenviro.com
MO,Switzer Brothers Painting LLC,kevin@switzerbrothers.com
MO,Busy Bee Painting,brian.engle59@yahoo.com
MO,Ecclesiastical Studios and Sons,esskcmo@gmail.com
MO,Crazywalls,deirdrekrotz@gmail.com
MO,"Bell's Painting Co., LLC",mark@bellspaintingstl.com
MO,"DH RESTORATION, INC",Doug@dhrestoration.com
MO,"Painting and Contracting Solutions, LLC",chuck@pcs-stl.com
MO,ABC Painting DEMO,membership@pdca.org
MO,Marsh Paint LLC,cindy@marshpaintanddrywall.com
MO,Evans Painting Co. LLC,evanspainting2011@gmail.com
MO,Protect Painter,john.sullivan@protectpainters.com
MO,Pirozzi Painting LLC,mark@pirozzipainting.com
MO,Off The Wall Murals ,Joel@OTWMS.com
MO,Painting Plus LLC,paintingpluskc@hotmail.com
MO,Certapro Painters of St. Charles,adickherber@certapro.com
MO,Rice Painting Co Inc,andy@ricepainting.com
MO,Dwyer Custom Painting,dwyercpainting@gmail.com
MS,"McGuffie Painting & Waterproofing Co., Inc.",DMofMS@aol.com
MS,B & K Painting Company Inc,bkpainting@cableone.net
MT,Dependable Paint and Dry Wall,kate@dependablepaint.com
MT,Picasso Bros. Painting,damien@picassobrospainting.com
MT,Rocky Mountain Painting,rockymtnpainting@ymail.com
MT,Hagestad Painting & Coatings Inc.,kelson@hagestadpainting.com
NC,"Robinson & Co Ptg, Inc ",ricky@robinsoncopaint.com
NC,"Adkins Quality Painting, Inc. ",cwadkins@centurylink.net
NC,"",
NC,"A & K Painting Co., Inc.",ahibberts@akpainting.com
NC,Oakley Paint & Paper Co Inc,gmoakley1@hotmail.com
NC,Ned T Lyerly Painting Contractor,ned@carolina.rr.com
NC,"Walker Paint Co., Inc.",mwalker472@aol.com
NC,"W. Sumter Cox Ptg Contractors, Inc.",sumter@sumtercox.com
NC,"Eben-Ezer Paint, Corp.",cmedina@carolina.rr.com
NC,"Langdon/McKenzie Contracting, Inc.",steve@lmpainting.com
NC,"Pride Painting, Inc.",pridepaint@aol.com
NC,Socaz Painting,info@socazpainting.com
NC,Hansell Painting,philip_hansell@yahoo.com
NC,"Elite Painting Services, LLC",elitepainting@hotmail.com
NC,Unlimited Paint and Wallpaper,rwwunlimited@yahoo.com
NC,"United Painting Services, Inc.",leo@unitedpaintingservices.com
NC,Seagle Coatings Inc.,mseagle@lexcominc.net
NC,Paint Co,dperran@paintconc.com
NC,"McGowan Painting Contractors of Greenville, LLC",jmiller@mcgowanpainting.com
NC,Leo Roan Painting Inc.,leoroanpainting@gmail.com
NC,"Mecklenburg Paint Company, Inc.",howard@meckpaint.com
NC,"Color Masters Painting, Inc.",zebhadley@yahoo.com
NC,Great Spaces,creategreatspaces@yahoo.com
NC,Specified Coatings Inc,steve@specifiedcoatings.com
NC,Applied Painting,joehayter@gmail.com
NC,P & J Paint Services,pandjpaintservices@yahoo.com
NC,Production Painting & Decorating Inc,keisha@productionpaintingonline.com
NC,T&J Contractors Inc.,tjcontractorsinc@bellsouth.net
NC,Billies Painting Service ,bbarkslot2@charter.net
NC,"Harry C. Garner Contractor, Inc.",mike@harrycgarnercontractor.com
NC,"Maze Custom Painting, LLC",jason@mazecustompainting.com
NC,On A Roll Services LLC,jarrodferwerda@gmail.com
NC,K & N PAINTING,ngreenepaint@yahoo.com
ND,"Bob Eckert Painting, Inc.",eckertpainting@midconetwork.com
ND,Ye Ol Painters Ltd,gary@yeolpainters.com
ND,Craig Geron Decorating Artists,coralhd1@msn.com
NE,"",
NE,"Galaska & Son, Inc.",galaskason@hotmail.com
NE,Lindner Painting,mail@lpicoatings.com
NE,J. R. Stelzer Co.,jrstelzer@msn.com
NE,"Athey Painting, Inc.",paint@atheypainting.com
NE,Two Guys Painting Company,twoguys@tvsonline.net
NE,Lincoln Paint & Decorating,
NE,"Miller Painting, Inc",rsudbeck@hartel.net
NE,Yuriy's Painting,yuriy@yuriyspainting.com
NE,"Harwood Services Commercial, Inc.",pcox@harwoodservices.com
NE,Gerst Painting,project@gerstcontracting.com
NH,"Keeley Painting Company, Inc.",skeeley@keeleypainting.com
NH,"Caprioli Painting, Inc.",lou@capriolipainting.com
NH,TSI (Tri-State Painting Inc.),info@gototsi.com
NH,Prana Design,bfhancock@aol.com
NH,Miles Makarowski Painting,miles@milespropainting.com
NH,Painting by Todd Handwork,toddhandwork@gmail.com
NH,Knott Available,mknotthere@yahoo.com
NH,Nicholas DeVuono Painting,devuonopainting@gmail.com
NJ,"PaintTek Quality Painting, Inc. ",mobrien@painttek.com
NJ,Hoffman Interior Painting ,whoffmanllc@yahoo.com
NJ,Spectrum Painting ,rich@spectrumpaintingllc.com
NJ,"Pro-Spec Painting, Inc ",ryarbrough@pro-spec.com
NJ,"",
NJ,Hilding Stake & Son,
NJ,Aulffo Painting Inc,api715@aol.com
NJ,J G Nasile Painting Company Inc,jerry@jgnasilepainting.com
NJ,"Dowco Painting, Inc.",Dowcopainting@comcast.net
NJ,Rocon Inc,rocon140@comcast.net
NJ,Farrell Painting,farrellpainting@msn.com
NJ,"Andrew Picone Painting & Paperhanging, Inc.",apiconepainting@aol.com
NJ,Cirignano Contracting Corp.,TACIRG@aol.com
NJ,"Only One Painting, LLC",peterlyon1@verizon.net
NJ,"Drucks, Inc.",brian@drucksinc.com
NJ,"Fine Painting & Decorating Co, Inc.",andysingh@fine-nj.com
NJ,"R. F. Enderley Co., Inc.",rich@rfenderley.com
NJ,Cherry Hill Painting,dougchpainting@verizon.net
NJ,Dundean Studios ,dean.sickler@gmail.com
NJ,"Zack Painting Co., Inc.",DZACK@ZACKPAINTING.COM
NJ,Coastline Corporation,coastline@gtc3.com
NJ,Coating Technologies,robgagliano@coatingteccorp.com
NJ,Painters Plus Corporation,phil@painterspluscorp.com
NJ,"Fromkin Brothers, Inc.",bsuch@fromkinbrothers.com
NJ,"RC Cross, Inc.",rccrossinc@comcast.net
NJ,Absolute Painting,diane@absolutepainting.com
NJ,"Painting Solutions, Inc.",paintingsolutions@hotmail.com
NJ,Steve Tank & Co.,s.tank@comcast.net
NJ,Studio Eighteen LLC,heather@studio-eighteen.com
NJ,JTH Interior Painting LLC,jthpainting@verizon.net
NJ,"Hispanic Ventures, Inc.",nick@hispanicventures.com
NJ,"Northeast Contracting Services, LLC",jprego@necsvcs.com
NJ,"Sutton Painting and Decorating, Inc.",sutton@suttonpaintinganddecorating.com
NJ,"Braun & Chamberlin, Inc.",pmikalsen@braunandchamberlin.com
NJ,"Grafas Painting Contractors, Inc.",larry@grafas.net
NJ,East Coast Property Maintenance LLC,michael@michaelphillippainting.com
NJ,"FraMac Services, LLC",frank@framac1.com
NJ,Brennan's Custom Painting LLC,craig@brennanscustompainting.com
NJ,J. Canabe Painting Co,jimmy@canabecolorexpert.com
NJ,Faux Time Design,angela@fauxtimedesign.com
NJ,Lillian's Paintbrush,lillianberetta@comcast.net
NJ,"High Roller Painting, Inc.",hrpainting@aol.com
NJ,"TNT Painting, Inc.",tntpainting@comcast.net
NJ,"Five Star Painting, Inc",fivestarpaintinginc@msn.com
NJ,Worry Free Painting,RVP06@comcast.net
NJ,Pete Gray Painting Inc.,pete@petegraypainting
NJ,Cleanlines Painting & Power Washing,cornelioswilson@yahoo.com
NJ,"RBK Painting, LLC",knowlzie2002@yahoo.com
NJ,"Tri-Brushworks, LLC",
NJ,"Deco Paint & Design, LLC",mark@decopaintanddesign.com
NJ,Your HR Solutions,dduncan@yourhrsolutions.com
NJ,P and M Painting by Design LLC,pandmpainting@verizon.net
NJ,Inside Out Painting,insideoutpainting@hotmail.com
NJ,"A. Silva Painting, LLC",asilvapaintingllc@gmail.com
NJ,A General Painting,ageneralpainting@yahoo.com
NJ,"A R C Painting & Refinishing, LLC",arcpaint@covad.net
NJ,Bell's Custom Painting Inc.,Bell166@verizon.net
NJ,Kramer Painting LLC,Kramerpaint@gmail.com
NJ,BLC Pro Painters,blcpropainters@gmail.com
NJ,Dilly Bros Painting Inc,Steve@dillybrospainting.com
NJ,Forss Painting Inc,ingrid@forsspainting.com
NJ,Wolfe Painting Inc,walt-wolfepainting@sjcom.com
NJ,Blevin Construction,blevinconstruction@gmail.com
NJ,JPS Painting Company,jpspc@optonline.net
NJ,"MKM Home Improvement, LLC",mark.mandel@protectpainters.com
NJ,Trade Pro Construction,tradeproconstruction@hotmail.com
NJ,Toms Painting Inc,tomspinc@gmail.com
NM,Compton Painting & Paperhanging,comptonpainting@aol.com
NM,Bogan Brothers Painting Co Inc,boganbro@aol.com
NM,Econo Pro Painters L.L.C.,www.econopropainters@yahoo.com
NM,Builder's  Choice Painting,epeterson@builderschoicepainting.com
NM,"Mike's Quality Painting, Inc.",miriam@mikesqualitypainting.com
NM,Three Cords Construction LLC,renzxl@gmail.com
NM,After Effects Painting,aftereffects505@gmail.com
NV,Lindell's Painting Service,ckey@lindellspainting.com
NV,"Bryan Painting & Decorating, Inc.",bryanpainting@lvcoxmail.com
NV,Ford Contracting,
NV,Shoning Contracting,bbscbonnie@gmail.com
NV,Baird Painting,brybai@mesquiteweb.com
NV,Mastercraft Painting & Dec,office@mastercraft-painting.com
NV,"M & H Building Specialties, Inc.",jerrad.martin@mhbsinc.com
NV,Vergith Contracting Company,
NV,"CWS Contractors, LLC",carnold@cwscontractors.com
NV,"John Jory, LLC",larry@johnjoryllc.com
NV,Standard Drywall,rpatterson@sdilv.com
NV,Tamara's Painting Company,tamara@TPCnevada.com
NV,"JSC Painting, Inc.",jon@jscpainting.com
NV,"Primary Impressions, Inc.",brandon@primaryimpressions.com
NV,"Vision Design Painting, Inc.",visiondesignpainting.com
NV,Woodard Custom Painting,woodardpaint@cs.com
NV,J. Compton Painting & Paperhanging,Jcompton@jcomptonpainting.com
NV,Look-Up Painting,lookuppainting@yahoo.com
NV,Hawk Eye Painting,hawkeyepaintinglv@gmail.com
NY,"City Works New York, Inc. ",marc@cityworksny.com
NY,George Apap Painting ,info@georgeapapinc.com
NY,Paint Track LLC ,ray@painttrack.com
NY,"Harbor Paint & Power Wash, Inc. ",mark@harborpaints.com
NY,"",
NY,Peter Plaue Painting & Decorating,pbplaue@verizon.net
NY,Neil Robertson,neilrobertson@optonlinet.net
NY,Artisan Painting,zenartisan@aol.com
NY,Sage Brothers Painting Co Inc,wpsagebros@verizon.net
NY,Bob Chestnut,bobalu1234@aol.com
NY,Fell & Szmania Inc,
NY,Ingersoll Ptg & Construction,admin@ingersollpainting.com
NY,McHugh Painting Co Inc,
NY,James M Anthis Painting,anthispainting@yahoo.com
NY,Max Richter Inc,thomasthemeister@aol.com
NY,Fallon Painting Contractors Inc.,birdfallon@optonline.net
NY,"Modern Painting & Wallcovering, LLC",mgnationalpdca@roadrunner.com
NY,"Winterton Painting, Inc.",paintmc@yahoo.com
NY,A R Pierrepont Co Inc,pierrepont@rochester.rr.com
NY,"All Island Ptg & Paperhanging, Inc.",jim@allislandpainting.com
NY,Schepis Painting,schepispainting@aol.com
NY,"Rusk Renovations, Inc.",jrusk@ruskrenovations.com
NY,LaPolla Inc,lapollainc@lapolladesign.com
NY,R.Tovin Painting & Dec Inc,
NY,"John Baiata Wallpapering, Inc.",johnbaiata@hotmail.com
NY,"Bradsell Painting, Inc.",info@bradsell.com
NY,Americlean,mark@paintersandcleaners.com
NY,Spilotras Painting Ltd.,michael@spilotraspainting.com
NY,"Qualirite, Inc.",qualirite@aol.com
NY,"Euro Tech Pro, Inc.",jackpatzer@aol.com
NY,Sean O'Connell Painting Corp.,oconnellpainting@aol.com
NY,"Salerno Paint & Paper, Inc.",tom@salernopaint.com
NY,Color Your World Custom Ptg & Dec,tony@cywpainting.com
NY,Commercial & Residential Painting Inc.,dstanton831@aol.com
NY,Beaux Arts Studios Bozar Studios Ltd.,timeatondpr@gmail.com
NY,Licari Painting,licaripainting@aol.com
NY,"Pratt & D'Angelo Painting, Inc",rrossi@prattdangelo.com
NY,"Radco Painting, Inc.",
NY,"Gotham Contractors, Inc.",gothword@msn.com
NY,"Pro Paint of WNY, Inc.",propaintwny@gmail.com
NY,J P Interiors,jp@jpinteriors.com
NY,Bufalo Decorating Co.,smabualo@hotmail.com
NY,Murray Painting Inc,wayne@murraypaintinginc.com
NY,LM Painting,lmpainting@aol.com
NY,Painting with Passion,lwest@twcny.rr.com
NY,"Derrick Development, LLC",Jderrick@DerrickDevelopment.com
NY,"Classic Painting & More, Inc.",jpettijohn@classicpainting.net
NY,Gallagher Painting Plus Inc.,mgpaintplus@yahoo.com
NY,"Ward Painting, Inc.",seanw@wardpainting.com
NY,Pitre Painting,hpitre@twcny.rr.com
NY,"L.W. Winslow Painting, Inc.",lwwinc1@aol.com
NY,"Granath Color Works, Inc.",Tom@granathcolorworks.com
NY,Nickel Group LLC,warren@nickelgroup.com
NY,Joseph White Painting & Decorating,
NY,BP Painting & Carpentry Inc,wiktorzak@sbcglobal.net
NY,M.R. Fine Paint & Plastering Renovation,mrodrigues11@optimum.net
NY,Interior Insight,interior-insight@hotmail.com
NY,Al B's Painting,albspainting@yahoo.com
NY,Chameleon Painters Inc,malinda@chameleonpaintersnyc.com
NY,Raul's Painting,rgalvez772@gmail.com
NY,HQ Hotel Contractors ,Tim.Tice@Yahoo.com
NY,Gigi Painting and Interior Services,gigipainting@gmail.com
NY,Andrew Roof Painting,andrewroof@hotmail.com
NY,TS Interior Painting,tsinteriorpaint@gmail.com
NY,"Paola Painting & renovations, LLC",paola@suregreenpainters.com
NY,LJK Wallcoverings Inc,wallpaperit@aol.com
NY,Custom Refinishing,bbirkhoff@optonline.net
NY,Serrano II Inc,ovid@serrano2roofing.com
NY,Binetti Painting,binettipainting@aol.com
NY,CertaPro Painters,bbrenner@certapro.com
NY,Korth & Shannahan,will@korthpainting.com
NY,C&S Home Solutions LLC,chrisgotsolutions@gmail.com
NY,Memmingers Painting Inc,Martysr@memmingerspainting.com
NY,York Deco Inc,yorkdeco@gmail.com
NY,Premier Painting,applebc@gmail.com
NY,"C.E.T. Painting, Inc",cetpainting@yahoo.com
NY,N/A,jnorma7161@aol.com
NY,Swiatek Studios Inc.,Info@swiatekstudios.com
NY,Morgan Painters,info@morganpainters.com
NY,"CertaPro Painters of Westchester, NY and Southern Connecticut",hmorais@certapro.com
NY,"5th Avenue Services, Inc",servicesny@aol.com
NY,Michael O'Shea Painting Inc,michaelosheapainting@gmail.com
NY,Certapro Painters of Syosset,jdushey@certapro.com
NY,"Underhill Painting, Inc",cukp420@yahoo.com
NY,Pride Painting & Spackling,pridepainting78@yahoo.com
NY,Ken Lack Painting,lackco70@aol.com
NY,"J. Badilla, Inc.",badillapainters@gmail.com
NY,Paintzen,justin@paintzen.com
NY,Evergreene Architectual Arts,rroi@evergreene.com
OH,Tegrey Family of Coatings Inc,tegrey@sbcglobal.net
OH,"Henry Painting Co., Inc.",henrypainting@msn.com
OH,Mike McGarry & Sons Inc,bmcgarry@mcgarryandsons.com
OH,Dependable Painting Company,cindyf@dependableptg.com
OH,"E. B. Miller Contracting, Inc.",chay@ebmiller.com
OH,August Groh & Sons Co,rgroh@groh.com
OH,"Kendrick/Mollenauer Painting Co., Inc.",oldpainters@msn.com
OH,Pro Painting,proptg@yahoo.com
OH,Jenkins Painting Co Inc,matthewjenkins@windstream.net
OH,P & R Painting & Decorating,prmundee@gmail.com
OH,Neubert Painting Inc,rgbt86A@aol.com
OH,"Ron Klei & Sons, Inc.",mike@kleipainting.com
OH,"Miami Valley Paperhanging, Inc.",mypaperhanging@fuse.net
OH,Value Decorating Inc,
OH,Bryan Sutton Painting,bryansuttonpainting@hotmail.com
OH,Thomas Sattler Painting,greg@sattlerpainting.com.
OH,"Classic Papering & Painting, Inc.",jclifton@classic-inc.com
OH,"B. Wenker & Son, Inc.",wenkerb@one.net
OH,The Ford Painting Co.,dford15@columbus.rr.com
OH,Thomarios,paul@thomarios.com
OH,"Color Classic Painting, Inc.",mgrotsky@columbus.rr.com
OH,Color Consultants Inc.,kcain@color-consultants.com
OH,"Patton Painting, Inc.",info@pattonpainting.com
OH,"Gary Lord Wall Options and Associates, Inc.",info@prismaticpainting.com
OH,Ranalli Painting Inc.,melranal@aol.com
OH,Begue Painting Inc,terrybegue@yahoo.com
OH,Discount House Painters,chris@discounthousepainters.com
OH,"Saint-Jon Company, Inc.",saintjonpainting@gmail.com
OH,Curtis Painting & Home Repair,
OH,Enhanced Homes Painting,brent@enhancedhomes.com
OH,Painters Plus,paintersplus@columbus.rr.com
OH,"Rockwood Painting Contractors, LLC",david@rockwoodpainting.com
OH,NORTHCOAST Painting and Pressure Washing,northcoast_painting@yahoo.com
OH,Mr. Paint LLC,mrpaintllc@gmail.com
OH,The Lakeview Painting Company,thelakeviewpaintingco@gmail.com
OH,Fairmount Painting,nick@fairmountpainting.com
OH,David Long Paintworks,dlpaintworks@sbcglobal.net
OH,Toth Painting Solutions,ktoth@tothpainting.com
OH,Qualified Interiors Inc,bill@qualifiedinteriors.com
OH,TLK Painting LLC,jillknez@yahoo.com
OH,U.S. Pro Painters,uspro@woh.rr.com
OH,"JBI Painting & Powerwashing, Inc.",jbipaint@windstream.net
OH,Fresh Coat Painters,Jcowley@freshcoatpainters.com
OH,Reining Painters LTD,rpaint88@aol.com
OH,Brush Up Painting,jlattanzi@brushuppainting.com
OH,Paintco Painting,paintcopainting@gmail.com
OH,J & M Commercial Painting,jmcommercialservices@gmail.com
OK,Statewide Painting Contractors Inc,statewidepaint@sbcglobal.net
OK,"Caudle Painting Company, Inc.",paintdry4u@aol.com
OK,McMillan Remodels,fauxman7@aol.com
OK,Performance Painting Company,dferree@performancepaintingco.com
OK,Legacy Painting,mylegacypainter@gmail.com
OK,Ray the Painter,info@paintokc.com
OK,Jim Moody Paint Co Inc,jamesm7@cox.net
OK,Masterpiece Painting Co.,jjmokie@sbcglobal.net
OK,"High Stepper, LLC ",jack@roofstep.com
OK,All American Flooring and Painting,kdwatkins27@yahoo.com
OK,Dukes Painting LLC,martydukes@gmail.com
OK,Andrew's Construction & Remodeling LLC,andrew73118@gmail.com
OR,Siegner & Company ,dave@siegnerandcompany.com
OR,"Joel Hamberg Painting, Inc. ",joel@joelhambergpainting.com
OR,"",
OR,Rainbow Painting Co of Oregon Inc,bob@rainbowpainting-co.com
OR,Cooper Construction,rod@fire-water-restoration.com
OR,"Sundeleaf Painting, Inc",sam@sundeleafpainting.com
OR,Carlson & Strand Painting,davids@callatg.com
OR,James Eveland Painting & Sandblasting,evelandent@rosenet.net
OR,"F D Thomas, Inc.",fdt@fdthomas.com
OR,J W White Painting & Decorating,jmwhite9@live.com
OR,Schiller & Vroman Inc,bobschiller@eschelon.com
OR,Saylor Painting Company,ron@saylorpainting.com
OR,"Steven L. Gregory Painting, Inc.",slgpainting@comcast.net
OR,"Don Rhyne Painting, Co.",drpco@comcast.net
OR,"Western Accents, Inc.",westernaccentsinc@comcast.net
OR,Weinmann Painting Inc.,lori@weinmannpainting.com
OR,"Hunt Painting Co., Inc.",huntpainting@msn.com
OR,"W.E. Given Contracting, Inc.",givencontracting@yahoo.com
OR,Environmental Protective Coatings,epcllc@comcast.net
OR,Hernanz Painting Co.,eric@hernanzpainting.com
OR,"Pac West Painting, Inc",kirk@pwpinc.net
OR,"ESP Painting, Inc.",jeff@esppainting.com
OR,Posten Painting Inc,info@postenpainting.com
OR,"Balzer Painting, Inc.",balzer_painting@balzerpainting.com
OR,"Benchmark Coatings, Inc.",dana@benchmarkcoatings.com
OR,Epic Painting LLC,epicpainting01@gmail.com
OR,Absolute Painting & Power Washing,mhughes@absolutepainters.com
OR,"Portland Paint & Restoration, Inc.",benjamin@paintpdx.com
OR,Fitzpatrick Painting Inc.,tim@fitzpatrickpainting.com
OR,Custom Home Services,info@customhomeservices.co
OR,Sustainable Planet Painting,info@sustainableplanetpainting.com
OR,"iTech Painting Professionals, Inc",ryan@itechpaintingpros.com
OR,Merit Painting LLC,sales@meritpaint.com
OR,UNICAN Corporation,sam@unican.com
OR,Saxon Painting Co LLC,jeffsaxon@msn.com
OR,Pride In Painting,doug_moe@hotmail.com
OR,Spray Masters Painting,spraymasterspainting@gmail.com
OR,Platinum Painting,platinumpainting@comcast.com
OR,Arciform LLC,richard@arciform.com
OR,"Bernard Painting, Inc",bradbernard@aol.com
OR,Oregon Coatings & Interiors,jmiller@oregonci.com
OR,Got It Covered Painting,Gotitcoveredpainting@gmail.com
OR,Mountain Painting Company,mtnpaint@gmail.com
OR,Billy Norris Painting,billynorris1@msn.com
OR,Artisan Wall Finishes,maryelizabeth5412@yahoo.com
OR,"Sisu Painting, Inc",nancy@sisupainting.com
OR,Boanerges Group,
OR,Mr. Goodbrush Painting Co. Inc.,craig@mrgoodbrush.com
OR,PaintingPro LLC,rdcarter88@gmail.com
OR,10 Point Painting,askus@10pointpainting.com
OR,"Transformations Painting, LLC",ParisiTeam@hotmail.com
OR,Steves Quality Painting LLC,stevesqualitypaintingllc@gmail.com
OR,"Painted Turtle, LLC",paintedturtlepainting@gmail.com
OR,"Top Line Painting, Inc. DBA: Veenhuizen Painting Specialties",jjbillings66@gmail.com
OR,Ayres Painting Company,ayrespaintingcompany@yahoo.com
PA,"Ville Painters, Inc. ",steve@villepaintersinc.com
PA,Postupak Painting Co Inc ,Carl@postupakpainting.com
PA,John Neill Painting ,webmail@johnneillpainting.com
PA,O'Neal Studio's Inc. ,rossoneal@comcast.net
PA,"",
PA,"Nolan Painting, Inc.",Kevin@NolanPainting.com
PA,"Michael J. Kelly & Son, Inc.",mjkellyson@aol.com
PA,A J Vater & Co Inc,avater@ajvater.com
PA,Nick Nauta for Painting,
PA,"M. Gordon & Sons, Inc.",mgordonsons@epix.net
PA,"G C Zarnas & Co, Inc. - Industrial Painting Solutions",Zarnas@aol.com
PA,Hazleton Painting Inc.,kmiller@hazletonpainting.com
PA,"H A Smith, Inc.",hasmithinc@yahoo.com
PA,Georgetti Painting,georgpaint@aol.com
PA,"M. Schnoll & Sons, Inc.",rolf.tragbar@schnollpainting.com
PA,Stenton Painting,
PA,"Buttonwood Company, Inc.",button17s@aol.com
PA,"Ralph E. Jones, Inc.",bpeiffer@ralphejonesinc.com
PA,Hursh Painting Co Inc,philhursh@hurshpainting.com
PA,"Michael Byrne Painting, Inc.",office@michaelbyrnepainting.com
PA,Diamond Decorating,diamdec@ptd.net
PA,Parkway Painting Inc,stan@parkwaypainting.com
PA,Patrick Sobrinski Painting,
PA,"L.A. Sebastian Painting, Inc.",ron@laspainting.com
PA,Kapski Painting Inc.,steve@kapskipainting.com
PA,R Chobert Painting,Rchobertpainting@aol.com
PA,"Van Hawk Painting Co., Inc.",thawkins@vanhawk.com
PA,Star Painting and Wallcovering of Skippack,starpainting@comcast.net
PA,Painting by Randy Ziegler,info@randyzieglerpainting.com
PA,Harold Guinther Ptg & Paperhanging,hgagpt@ptdprolog.net
PA,Uhrig's Professional Painting and Paperhanging,donuhrig@uhrig.com
PA,"Lucas Markantone & Associates, Inc.",info@pittsburghpainting.net
PA,Tony & Sons Decorating Contractors,kustomwall@comcast.net
PA,"Zebby Sulecki, Inc.",zebby@zsipainting.com
PA,Chadds Ford Painting Inc.,chaddsfordpainting@verizon.net
PA,"3-D Painting, Inc.",3dpaintinginc@verizon.net
PA,"Mitchell Forry Wallcovering, Inc.",mforry@comcast.net
PA,"King Painting & Wallpapering, Inc.",kingptg@frontiernet.net
PA,"Paintech, Inc.",info@paintechinc.com
PA,George Schneider Painting,info@gschneiderpainting.com
PA,"EDI/Economy Decorators, Inc.",eddie@ediwallcovering.com
PA,"Commercial Wallcovering, Inc.",commercialwall@yahoo.com
PA,T-III,
PA,"D.M. Coatings, Inc.",braddmcoatings@aol.com
PA,C S Liga Painting,cs@csligapainting.com
PA,"S & S Painting and Wallcovering, Inc.",shaidpaints@aol.com
PA,"Anchor Painting, Inc.",
PA,John Clark Painting,jclarkpainting@verizon.net
PA,"Old Village Master Painters, Ltd.",ed_stulb@hotmail.com
PA,Colagio the Painter,colagiothepainter1@verizon.net
PA,Colorful Remedies LLC,gregf@colorfulremedies.com
PA,CTS Paint Pros,ctspaintpros@yahoo.com
PA,"ImageWorks Painting, Incorp.",info@imageworkspainting.com
PA,Cutting Edge Painting and Contracting Inc,mmercer@cepainting.net
PA,McCann Painting,michael@mccann-painting.com
PA,Lanco Coatings LLC,mmay.LancoCoatings@yahoo.com
PA,Cervone Painting,james@cervonepainting.com
PA,Just Add Paint,justaddpaint@hotmail.com
PA,CLP Painting Inc,brentmeyer@CLPpainting.com
PA,"Tom Cosfol Fine Painting, Inc.",tomcosfol@yahoo.com
PA,Robert Snyder Paint & Paper,rasnyder10@verizon.net
PA,Chuck's Quality Painting,cqpinc@live.com
PA,"John Byrne Painting, Inc.",melissa@johnbyrnepainting.com
PA,Jacobs Painting Company,jacobspaintingcompany@gmail.com
PA,Odell Painting LLC,ken@odellpainting.com
PA,American Painting & Decorating,matterdman@americanpaintinganddecorating.com
PA,"Aspen Painting & Wallcovering, Inc",ray@aspenpaintingpa.com
PA,T.J.'s Painting & Renovations Co.,tedkomacek@yahoo.com
PA,"Paul G. LaBadie, Inc.",sheila.pli@comcast.net
PA,Lambert's Paint and Paper Place,lamberts@embarqmail.com
PA,"Higgins Professional Wall Covering & Painting, Inc.",Cory.Higgins@HigginsProfessional.com
PA,Ryan Amato Painting,ryanamato@yahoo.com
PA,"First Place Painting, LLC",firstplacepainting@gmail.com
PA,Spencer Painting and Deck Care LLC,kentspencer@spencerkeystone.com
PA,Christian Militello Painting and Powerwashing,cmili2001@yahoo.com
PA,Charles Ebinger Painting,handyman-email@usa.net
PA,Mooney's Painting,mooneypainting@comcast.net
PA,Scotty's Painting & Paper Hanging Inc,vance.m@scottyspainting.com
PA,Fox Painting Company,mattfox727@gmail.com
PA,Vintage Professional Painting & Decorating,vintagepropainter@verizon.net
PA,Fresh Coat of Lancaster,kboyd@freshcoatpainters.com
PA,Bill Torres Painting,billtorrespainting@yahoo.com
PR,Bethal Painting Corp,gilrod007@live.com
PR,Advanced Parking Services and Products Corp. Painting Division,advancedparking@gmail.com
PR,"Jasak Detail Contractors, Corp.",tiferetpainting@gmail.com
RI,"ELCO Painting, Inc.",steve@elcopainting.com
RI,Joseph Tavone Painting Inc.,David@Jtavone.com
RI,Lopco Contracting,info@lopcocontracting.com
RI,Heroica's Painting,jhonny@heroicaspainting.com
RI,Excel Painting Inc,joseltorres19@hotmail.com
RI,JHD & Co.,JHDriscoll107@gmail.com
RI,J M Painting & Plastering,jmpaintingco@verizon.net
SC,"",
SC,Echerer Painting Co Inc,lecherer@aol.com
SC,J R Bruner,
SC,"Palmetto Decorators, Inc.",painting@palmettodecorators.com
SC,"Medford Painting & Repair, Inc.",medfordpainting@scrr.com
SC,Drexel Hill Painting,Bob@DrexelHillPainting.com
SC,"Lowery Painting, Inc.",lowerypainting@sc.rr.com
SC,Green Pro Inc,gproinc@gmail.com
SC,Sona Building Services,jsellers@jandwllc.com
SC,Joseph's Customs,jpaintsgood@gmail.com
SC,Appearances First,jason@appearancesfirst.com
SC,Palmetto Pride Painting LLC,palmettopridepainting@gmail.com
SC,Homestyle Painting,bbrownhomestyleptg@yahoo.com
SD,"",
SD,Berendse & Sons Paint Co Inc,tony17@berendsepainting.com
TN,"Tolley & Lowe, Inc.",tolleyandlowe@yahoo.com
TN,"Woods Paint Co., Inc.",
TN,The Pro's Painting Co.,donnyb@prospainting.net
TN,"M C Painting, Inc.",1mcpaint@bellsouth.net
TN,"Cianciolo Painting/Carbonek, LLC",chris@carbonekllc.com
TN,Williams Painting Company LLC,williamspaintingco@gmail.com
TN,"Gardner Paint Services, Inc",rodney@gardnerpaint.com
TN,Lillian's Interiors,decor8withpaper@aol.com
TN,Fresh Paint Company,matt@freshpaintcompany.com
TN,The Nashville Painting Company,glzerillo@gmail.com
TN,Frierson Painting SVC,jsfrierson@acninc.net
TN,Summit Painting Solutions,spsknox@gmail.com
TX,Smart Companies Inc ,misty.garwood@paintingsmart.com
TX,Te-Ko Contractors Inc ,tom.pugil@TekoContractors.com
TX,"American Wallcovering, Inc. ",ameriliz@aol.com
TX,Charles Klutts Company ,charlesk@charleskluttsco.com
TX,"",
TX,"L. E. Travis & Sons, Inc.",et3@att.net
TX,"Schnurr, Inc.",carolyn@schnurrinc.com
TX,Dyer Painting Co,dyerpaintc@aol.com
TX,"L H Land Painting Co., Inc.",garoldmay@landpainting.com
TX,Pearson Paint Shop Inc,pearsonpaintshop@sbcglobal.net
TX,"Austin Coatings, Inc.",info@austincoatings.com
TX,"M. Danny Harrison, Inc.",rodney@mdhtx.com
TX,"R. L. Harkins, Inc. Painting and Wallcovering Services",david@rlharkins.com
TX,Slater Painting Company Inc,rick@slaterpainting.com
TX,"Qualtex, Inc.",fisher2@qualtexinc.com
TX,Bounds Paint Co Inc,Bill-Bounds@juno.com
TX,"Sundance Painting, Inc.",roger@sundancepaintinginc.com
TX,"Jonsco, Inc.",johnz@jonsco.com
TX,Ray Noteboom Paint Co,
TX,American Electrostatic Painting Inc.,aepi2007@aol.com
TX,Coburn & Company,david@coburnandco.com
TX,"F & D Paint Services, Inc.",FandDPaint@aol.com
TX,"Lieber Painting, Inc.",buchholz51@suddenlink.net
TX,"Ideal Finishes, Inc.",deidre.morris@idealfinishes.com
TX,Russo Services,russopaint@aol.com
TX,"Classic Paint & Wallcovering Services, Inc.",classicpws@sbcglobal.net
TX,Brady Painting Contractors,painting@nol.net
TX,"Carrco Painting Contractors, Inc",jhuerta@carrcopainting.com
TX,Gonzalez Contracting Corporation,flrgonz7@aol.com
TX,"R & S Commercial Services, LLC",rick@randscommercial.com
TX,Wind Clean Corp,timmanley@windcleancorp.com
TX,"Architectural Painting, Inc.",mike1archptg@sbcglobal.net
TX,"Milam & Co Painting, Inc.",dmilam@milampainting.com
TX,Supreme Painting,dalton@supremepainting.net
TX,TexPro Painters,derek@texpropainters.com
TX,Boyd Hunt Painting,bhpainting@aol.com
TX,Tarrant Paint and Stain,bryan@tarrantpainting.com
TX,Platinum Pro Home Services,brian@platinumprohome.com
TX,Certa Pro of NE SA,nicolareynolds@certapro.com
TX,South Texas Interiors,cdegand@southtexasinteriors.com
TX,Primo Painting,luis@primopaintingco.com
TX,Certa Pro Painters / McKinney-Allen,vangordon@certapro.com
TX,"Naylor Commercial Interiors, Inc.",jnaylor@naylorcommercial.com
TX,Lewiston and Sons Painting,pete@lewistonandsons.com
TX,Ace Paint Contracting,ace@acepaintcontracting.com
TX,WKBRC Inc DBA Five Star,wwilcox@fivestarpainting.com
TX,ABC Painting & Drywall,abcpaintingdrywall@yahoo.com
TX,J.H. Tellini Company,jrtellini@gmail.com
TX,Superior Painting Company,gtpelt@superiorpainters.com
TX,"Parrent's Painting, Inc.",jason@parrentspainting.com
TX,Texan Painting Group,tomymcneil@sbcglobal.net
TX,Guaranteed Painting Co,herb@guaranteedpainting.com
TX,Padilla Painting,padillapainting@yahoo.com
TX,James Wood Construction,jamesw4596@yahoo.com
TX,All-Star Maintenance,allstar_maintenance@yahoo.com
TX,"Cherry Painting Company, Inc.",zc@cherrypaint.com
TX,"SPD Resources, LP",matt@spd-contractors.com
TX,Protect Painters of West Austin,westaustin@protectpainters.com
TX,Protect Painters of Park Cities N & E Dallas,david.wilson@protectpainters.com
TX,The Coach House Painting and Restoration,sherbst@coachhouse.co
TX,CertaPro Painters of San Antonio,areissner@certapro.com
TX,Fresh Coat North Austin,kwagner@freshcoatpainters.com
TX,ProTect Painters of NE Tarrant County,greg.morrison@protectpainters.com
TX,"Royal Painting, Inc",amarshi@royalpaintinginc.com
TX,"Stonehill Commercial Painting, Inc.",elvism@stonehillpainting.com
TX,JRV Painting Contractor,
TX,Aviles Painting & Remodeling,avilespainting.remodeling@gmail.com
UT,Joe Larsen Painting Inc.,kflarsen@msn.com
UT,"Daniels Painting, Inc.",danielspaintingi@qwestoffice.net
UT,F S Armitage & Sons Inc,fsa@fsasons.com
UT,"Hadley Brothers Painting, Inc.",brenthadley@relia.net
UT,"Peck's Painting, LLC",michelle@peckspainting.com
UT,Hendricksen Painting,hendricksenpaint@qwestoffice.net
UT,"Grow Painting, Inc.",dee.grow@growpainting.com
UT,"Professional Painting, Inc.",uofu-bb1@comcast.net
UT,"Rocky Mountain Wallcovering, Inc.",rmwc1@comcast.net
UT,"Charles Allen Painting, Inc.",allen1513@msn.com
UT,"Xavier Paint Contracting, Inc.",tyler@xavierpaint.com
UT,Twin Peaks Paint Contracting LLC,twinpeakspaint@hotmail.com
UT,"R.P. Painting & Decorating, Inc.",glade@rppainting.com
UT,RC Painting,rcpaint2@gmail.com
UT,"Premier Painting & Wallcoverings, Inc.",paintutah@gmail.com
UT,Park City Painting,painting@allwest.net
UT,Nicholls Brothers Painting,rentacrew@msn.com
UT,"European Painting, Inc",europroinc@hotmail.com
VA,"",
VA,"Premiere Painting, Inc.",steve@premiere-painting.com
VA,H F Bulifant & Sons Inc,hfbulifantsons@aol.com
VA,Higham Company Inc,jackf@highamco.com
VA,Lane Brothers Inc,bryan.lane@lanebrothers.net
VA,"W. W. Nash & Sons, Inc.",nash@wwnash.com
VA,Street & Branch Inc,todd@streetandbranch.com
VA,Glidewell Brothers Inc,gglider@aol.com
VA,George E Mowbray Jr Paint Co,georgemowbray@aol.com
VA,N Chasen & Son Inc,jeff@nchasen.com
VA,E Caligari & Son Inc,Ecaligariandson@aol.com
VA,"Shaw Paint & Wallpaper Co. Inc,",hshaw@shawpaint.hrcoxmail.com
VA,W W Enroughty & Son Inc,wenroughty@enroughty.com
VA,Tech Painting Company Inc,mfowler@techpainting.com
VA,Ross-Johnson Painting,rojopainting@aol.com
VA,Bicknell Painting Inc,Lbicknell@bicknellpainting.com
VA,Sparkle Painting Co Inc,ray@sparklepainting.com
VA,Crescent Painting Company,reburghart@verizon.net
VA,Decor Painting Co.,decorpaintingco@aol.com
VA,Creative Contracting,brad@creativecontractingva.com
VA,Commonwealth Painting & Decorating,cabell@commonwealthpainting.com
VA,"Potomac Valley Paint Contracting, Inc.",thejetsens@yahoo.com
VA,"Paint Pros, Inc.",jeff@richmondpaintpros.com
VA,"T.R. Young Painting Co., Inc.",tyoung@tryoungservices.com
VA,BraRon Painting and Wallcovering,braronpainting@verizon.net
VA,"Jon H Miller Painting Co., Inc.",jhmpainting@gmail.com
VA,Image Painting,imagepainting@hotmail.com
VA,MDB Painting Inc.,mdbpaint@comcast.net
VA,James C Nettles Jr Painting/ Jay's Painting,jnettlesjr@aol.com
VA,Bove Designer Finishes,office@bovedesignerfinishes.com
VA,"All American Painting Plus, Inc.",brian@allamericanpaintingplus.com
VA,Little River Painting Contractors,littleriver1@comcast.net
VA,"Master Works Painters, LLC",mike@masterworkspainters.com
VA,Wall Master LLC,wallmasterllc@cox.net
VA,"Home Works Painting, LLC",info@homeworkspainting.com
VA,"Homm, Certified Painting Systems",info@hommcps.com
VA,NOVA Painting Company,mark@novapainting.com
VA,Whiteley Design Studio Inc.,lhw@whiteleydesignstudio.com
VA,Widespread Solutions LLC,widespreadsolutions@mac.com
VA,S & S Painting LLC,sspaintingllc@comcast.net
VA,Color Expressions Painting,colorexpressions.donna@gmail.com
VA,Hemeon Studios,jolene@hemeonstudios.com
VA,Openhouse Remodeling,pase154@cox.net
VA,"Innovative, Inc.",innovative_painting@hotmail.com
VA,Painting by Terry,paintingbyterry22@gmail.com
VA,Performance Painters LLC,dennis@performancepainters.net
VA,RPG Home Improvement,rpghomeimprove@aol.com
VA,"SYCorp USA, Inc. DBA ",schoi@certapro.com
VA,Rojas Stevens Painting and Drywall LLC,rojasstevens@yahoo.com
VA,Riley Paint & Wallpapering Inc,rileypwp@gmail.com
VA,Webber Painting Inc.,webberpainting@gmail.com
VA,"G. M. Clements Co., Inc.",ashby@gmcci.com
VA,FaithPainters ,mike@faithpainters.com
VA,"Piedmont Paint & Finish, LLC.",cdavis@piedmontpaint.com
VA,"John P. Teel, Inc",teelpainting@gmail.com
VA,Blue Door Painters,contact@bluedoorpainters.com
VA,Kingstowne Painting,kberzins@kingstownepaint.com
VA,Gerloff Painting,matt@gerloffpainting.com
VA,Paddy's Painting,paddyspainting@comcast.net
VA,Prophet Painting LLC,micah@prophetpainting.com
VA,ProTect Painters of Roanoke Valley,paul.rhoades@protectpainters.com
VA,CertaPro Painters of Charlottesville,wcanavan@certapro.com
VA,"Rohan Construction Group, Inc.",srohan@rohancg.com
VA,Harbour Towne Enterprises Inc.,Htepainting@gmail.com
VA,Wall 2 Wall,mascorl@aol.com
VA,Envirowash Inc.,envirowash@comcast.net
VA,"Stroud Estimating, LLC",stroud.steve@yahoo.com
VA,Joe Lisi's Quality Painting,joe@jlqualitypainting.com
VA,"Carzek Construction, LLC",carzek@ymail.com
VA,V. Pastor Co. Inc,victor.pastor5@gmail.com
VA,A & W Power Washing LLC,diane@awpowerwashing.com
VA,Certa Pro Painting of NW Richmond,jgiaramito@certapro.com
VA,Newlook Construction,artj08@verizon.net
VA,"True Color Painters, LLC dba 1-888-WOW-1DAY Painting",cmerrills@wow1day.com
VA,"R F Gebhart, LLC",rfgebhart@comcast.net
VA,Michael Hunter Painting,mhpaint13@verizon.net
VT,"Luxbrush Painting Co., Inc. ",harry@luxbrush.com
VT,"Restoration Painting, LLC ",cbgpainting@gmail.com
VT,"",
VT,"O'Raine & Sun & Company, Inc.",sweens242@yahoo.com
VT,Dunham Brothers Painting,bill@dunhambrothers.com
VT,Armond Polzello Painting & Wallpapering,apolzello@gmail.com
VT,NR Painting and Renovations LLC,nr2paint@yahoo.com
VT,Jonathan Ives Professional Painting,jivespainting@gmail.com
VT,Five Star Painting,mlewis@fivestarpainting.com
WA,"Solid Energy, Inc. ",darylene@solidenergyinc.com
WA,Tenhulzen Painting ,scott@tenhulzenpainting.com
WA,CertaPro Painters of Tacoma-Seattle ,bharrison@certapro.com
WA,"Westcoast Painting, LLC ",davej@westcoastpaint.com
WA,Rite Painting ,mark@ritepainting.com
WA,"",
WA,Fawcett Painting Inc,dave@fawcettpainting.com
WA,"L C Jergens Painting Co., Inc.",tjergens@jergenspainting.com
WA,Grund & Company,tjacobson@grund.com
WA,Guernsey-Ostergard Inc,REO09900@AOL.COM
WA,"Long Painting Co., Inc.",johnf@longpainting.com
WA,Hauge & Hassain Inc,services@haugeinc.com
WA,Flying Colors Painting Co.,dustin@flyingcolorspainting.com
WA,"Schumacher Painting, Inc.",jim@paintpros.com
WA,New Finishes,beverly@newfinishes.com
WA,Ski's Painting Inc,jefff@skispainting.com
WA,Architextures,mark@fabricpanels.com
WA,BMP Inc,tim@bmppainting.com
WA,"Seattle Painting Specialists, Inc.",dpontious@seattlepainting.com
WA,"Ferguson Wallcovering, Inc.",fergusonwallcovering@gmail.com
WA,VP Peri Painting Co,vic@vpperi.com
WA,Queen Anne Painting Co Inc,dougw@queenannepainting.com
WA,CDS Painting & Coatings Inc,cds.ptg@gmail.com
WA,"Elliott Paint Company, Inc.",epc@elliottpaintco.com
WA,"W. E. Davis Co., Inc.",Wedco1@comcast.net
WA,"Welliver Painting, Inc.",
WA,Matheson Painting,office@mathesonpainting.com
WA,Monty Warren Painting Inc,mwpi@msn.com
WA,Ritland Painting LLC,ken@ritlandpainting.com
WA,"Tracy's Quality Painting, Inc.",tracy@tracysqualitypainting.com
WA,"Coatings Unlimited, Inc.",gsnider@coatingsunlimited.com
WA,"Wayne Powell Paint, Inc.",wppaint@omnicast.net
WA,"Gregory, Dill & Company",chris@gregorydill.com
WA,"Pinnacle Painting, Inc.",bob@pinnaclepaintinginc.com
WA,Washington Commercial Painters Inc.,john@wa-cp.com
WA,"Advanced Painting, Inc.",jim@advancedptg.com
WA,ACI Coatings LLC,mikek@acicoatings.com
WA,"H & H Painting Co., Inc.",doug@hhpainting.com
WA,"J. C. Richards Construction Co., Inc.",linda@jcrichards.com
WA,"American Home Painting, Inc.",Damon@americanhomepainting.com
WA,Pitcher Painting,ppainting@comcast.net
WA,"Karen McClain Visuals, Inc.",kmvisuals@yahoo.com
WA,"Ridings Custom Painting, Inc.",deanr@ridingsinc.com
WA,A+ Professional Coatings,aplusptg@comcast.net
WA,Saxon Painting LLC,saxonptg@comcast.net
WA,"DePaolo's Painting, Inc.",john@depaolospainting.com
WA,"Combs Brothers, Inc.",combsbrothers@comcast.net
WA,Viva Painting,vivaptg@gmail.com
WA,"Diamond Prefinish, Inc.",dale@diamondprefinish.com
WA,Brian's Painting & Wallcovering,bgcpainting@verizon.net
WA,"Paintcrafters - Plus, Inc.",kbarnes@paintcraftersplus.com
WA,All Pro Painting Company,sean@allpropainting.com
WA,Facility Maintenance Contractors,truxton@fmcorp.net
WA,"Cortinas Painting & Restoration, Inc.",willie@cortinaspainting.com
WA,Lyons Painting & Design LLC,peterlyon1@verizon.net
WA,Purcell Painting & Coating,dpurcell@purcellpainting.com
WA,"HCI Industrial & Marine Coatings, Inc.",kim@hci-coatings.com
WA,"Shanks Painting, Inc.",mike@shankspainting.com
WA,"4 Seasons Color, Inc.",annie@4seasonscolor.com
WA,Mason Coatings,lizmason@juno.com
WA,Finishing Systems,james@finishsys.com
WA,"A Personal Touch Painting, Maintenance & Remodeling, Inc.",apertouch@hotmail.com
WA,Progressive Painting Inc,kevin@progressivepaintinginc.net
WA,Vancouver Painting Inc,jolvert@comcast.net
WA,Coast to Coast Painting Plus,lewis@ctcpp.com
WA,Riverside Painting,jamesdepaolo@hotmail.com
WA,Artist Touch Painting,terramisner@hotmail.com
WA,Billy Brandt Painting,info@billybrandtpainting.com
WA,Walter Johnson Grandson's Painting,wjgpainting@gmail.com
WA,J. Linder Painting,jeff@jlinderpainting.com
WA,Bret's Wallcovering,bretswallcovering@centurytel.net
WA,"Medina Painting, Inc.",info@medinapaintinginc.com
WA,"Gates Painting Co, LLC",beth@gatespainting.com
WA,Johanna's Design Studio,jdesignstudio@comcast.net
WA,"Scandinavian Painting Specialists, Inc.",craig.filion@gmail.com
WA,de Mestre Painting & Sign Services,dmpsignservices@hotmail.com
WA,Speedy Door Painting,gfmoorepaint@gmail.com
WA,"KDS Painting, LLC",kdspainting@gmail.com
WA,ElektroCoat Inc,estimating@elektrocoatnw.com
WA,Final Touch Painting Co. LLC,ftpaintco01@gmail.com
WA,Steve's Custom Painting Inc.,steve@stevescustompainting.com
WA,Mills Painting Inc.,MillsPaintingInc@gmail.com
WA,Outlook Painting,Alexwarr75@yahoo.com
WA,Krause House Painting Inc,krausehousepainting@gmail.com
WA,Urban Painting Northwest,jeff@urbanpaintingnorthwest.com
WA,Local Pros Painting,ty@localprospainting.com
WA,CertaPro Painters of North Seattle,rshanahan@certapro.com
WA,Northwest Paint Company,jenny@nwpaintco.com
WA,"Hubbard Painting, LLC",mxhubbard@yahoo.com
WA,Elite Painting & Restoration LLC,trevorjjohnson@hotmail.com
WA,Painting Unlimited,hlh@bmi.net
WA,PTPC LLC dba ProTect Painters of Covington,chuck.reger@protectpainters.com
WA,ProTect Painters of Federal Way and NE Tacoma,terry.koubele@protectpainters.com
WA,All Covered Painting,michele@allcoveredpainting.com
WA,Jeff Heiss Painting,jeff@jeffheisspainting.com
WI,Remis Painting ,remis739@gmail.com
WI,DL Painting LLC ,dlpainting@mhtc.net
WI,"Statz Painting & Decorating, Inc. ",walderastatzptg@tds.net
WI,"",
WI,Siebenaler Paint Co,robertsiebenaler@yahoo.com
WI,Hoffman Painting,hoffmanpainting@gmail.com
WI,American Paint & Paper A Division of STRATTON AND SONS INC.,tjs@strattonandsonsllc.com
WI,"Davis Painting & Decorating, Inc.",info@davisptg.com
WI,"Ed Weber Painting, Inc.",weberpainting@yahoo.com
WI,"Hagen Decorators, Inc.",hagen@northcentralinsulation.com
WI,"Van Eperen Painting, Inc.",gary@vepaint.com
WI,Spectrum Interiors Inc,spectrumholdings@ameritech.net
WI,Conrad Schmitt Studios Inc,heidi@conradschmitt.com
WI,"Schneider & Schneider, Inc.",schneidr@sbcglobal.net
WI,"Lakeside Painting, Inc.",joe@lakesidepainting.com
WI,Danny's Painting Service,DPS@CHORUS.NET
WI,Genesis Painting,staff@genesispainting.com
WI,"HI-Tech Painting & Decorating, Inc.",rgerharz@yahoo.com
WI,White Thermal Coating & Ptg Co Inc,
WI,"Olympic Companies, Inc.",bburczyk@olympiccompanies.com
WI,Dale's Painting,walski51@hotmail.com
WI,Majic Painting Inc,jayson@majicpainting.com
WI,Bastien Decorating Co.,bastdec@tds.net
WI,Caravella Paintworks,jgcaravellapaintworks@gmail.com
WI,"Proud Precision Painters, LLC",office@proudprecisionpainters.com
WI,"Infinity Painting, Inc.",ryan@infinitypaintinginc.com
WI,Garage Floors of Wisconsin,bobwiedenfeld@gmail.com
WI,"Sanders Painting & Decorating, LLC",john.sanderspainting@hotmail.com
WI,Steve's Quality Painting,srplout@aol.com
WI,Bazarr Painting,bazarrpainting@gmail.com
WI,Roever Consulting Service LLC,kroever@peoplepc.com
WI,Color Tone Painting,colortone@msn.com
WI,"Cutting Edge Painting Service, LLC",mrpainter@wi.rr.com
WI,Eric Welch Painting,paintingericwelch@gmail.com
WI,Elegant Estates LLC,elegantestate@yahoo.com
WI,Common Links Construction LLC,mcartwright@clcbuild.com
WI,1-800-Pro-Painter,propaintermke@gmail.com
WI,"Noyce Paint, Paper & Design",judy@noycepainting.com
WI,"Living Color Painting, LLC",chad@livingcolorwisconsin.com
WI, Don Soderberg Painting and Wallcovering,soderpaint@gmail.com
WI,"Huntley Design & Painting, LLC",huntleypainting@gmail.com
WI,Braun Painting,mike@braunpainting.com
WV,W Q Watters Company,wqw@frontier.com
WY,"Commercial Painting, Inc.",cpi@fiberpipe.net
WY,"Excel Coatings of Wyoming, Inc.",dwfarrow@hotmail.com
